               epoch,      train/box_loss,      train/obj_loss,      train/cls_loss,   metrics/precision,      metrics/recall,     metrics/mAP_0.5,metrics/mAP_0.5:0.95,        val/box_loss,        val/obj_loss,        val/cls_loss,               x/lr0,               x/lr1,               x/lr2
                   0,             0.05581,           0.0052312,             0.01542,                   0,                   0,                   0,                   0,                   0,                   0,                   0,             0.07013,           0.0033189,           0.0033189
                   1,            0.033449,           0.0031261,           0.0066177,                   0,                   0,                   0,                   0,                   0,                   0,                   0,            0.040121,            0.006643,            0.006643
                   2,            0.032115,             0.00253,           0.0045105,                   0,                   0,                   0,                   0,                   0,                   0,                   0,            0.010102,           0.0099579,           0.0099579
                   3,             0.02952,           0.0023036,           0.0028248,                   0,                   0,                   0,                   0,                   0,                   0,                   0,           0.0099585,           0.0099585,           0.0099585
                   4,            0.024649,           0.0021609,           0.0020872,                   0,                   0,                   0,                   0,                   0,                   0,                   0,           0.0099585,           0.0099585,           0.0099585
                   5,            0.021709,           0.0020141,           0.0014768,                   0,                   0,                   0,                   0,                   0,                   0,                   0,           0.0099446,           0.0099446,           0.0099446
                   6,            0.020336,           0.0018679,           0.0013456,                   0,                   0,                   0,                   0,                   0,                   0,                   0,           0.0099308,           0.0099308,           0.0099308
                   7,            0.018981,           0.0017288,           0.0011082,                   0,                   0,                   0,                   0,                   0,                   0,                   0,           0.0099169,           0.0099169,           0.0099169
                   8,            0.018119,           0.0015958,          0.00099294,                   0,                   0,                   0,                   0,                   0,                   0,                   0,           0.0099031,           0.0099031,           0.0099031
                   9,            0.017889,           0.0014733,           0.0010101,                   0,                   0,                   0,                   0,                   0,                   0,                   0,           0.0098892,           0.0098892,           0.0098892
                  10,            0.017377,           0.0013803,          0.00095732,                   0,                   0,                   0,                   0,                   0,                   0,                   0,           0.0098754,           0.0098754,           0.0098754
                  11,            0.017177,           0.0013153,          0.00090429,                   0,                   0,                   0,                   0,                   0,                   0,                   0,           0.0098615,           0.0098615,           0.0098615
                  12,            0.016757,           0.0012545,          0.00084512,                   0,                   0,                   0,                   0,                   0,                   0,                   0,           0.0098477,           0.0098477,           0.0098477
                  13,            0.016359,           0.0011827,          0.00089427,                   0,                   0,                   0,                   0,                   0,                   0,                   0,           0.0098338,           0.0098338,           0.0098338
                  14,            0.016205,           0.0011188,          0.00077251,                   0,                   0,                   0,                   0,                   0,                   0,                   0,             0.00982,             0.00982,             0.00982
                  15,            0.016119,           0.0010867,          0.00076896,                   0,                   0,                   0,                   0,                   0,                   0,                   0,           0.0098062,           0.0098062,           0.0098062
                  16,            0.015511,           0.0010028,          0.00076739,                   0,                   0,                   0,                   0,                   0,                   0,                   0,           0.0097923,           0.0097923,           0.0097923
                  17,            0.015343,          0.00096688,          0.00071459,                   0,                   0,                   0,                   0,                   0,                   0,                   0,           0.0097785,           0.0097785,           0.0097785
                  18,            0.015039,          0.00092447,          0.00067707,                   0,                   0,                   0,                   0,                   0,                   0,                   0,           0.0097646,           0.0097646,           0.0097646
                  19,            0.014998,          0.00089448,          0.00070933,                   0,                   0,                   0,                   0,                   0,                   0,                   0,           0.0097508,           0.0097508,           0.0097508
                  20,            0.014512,          0.00085678,          0.00064648,                   0,                   0,                   0,                   0,                   0,                   0,                   0,           0.0097369,           0.0097369,           0.0097369
                  21,            0.014882,          0.00085002,          0.00077223,                   0,                   0,                   0,                   0,                   0,                   0,                   0,           0.0097231,           0.0097231,           0.0097231
                  22,            0.015008,          0.00080781,           0.0007418,                   0,                   0,                   0,                   0,                   0,                   0,                   0,           0.0097092,           0.0097092,           0.0097092
                  23,            0.014383,          0.00079216,           0.0006657,                   0,                   0,                   0,                   0,                   0,                   0,                   0,           0.0096954,           0.0096954,           0.0096954
                  24,            0.014081,          0.00076527,          0.00063717,                   0,                   0,                   0,                   0,                   0,                   0,                   0,           0.0096815,           0.0096815,           0.0096815
                  25,            0.013818,          0.00072498,          0.00063904,                   0,                   0,                   0,                   0,                   0,                   0,                   0,           0.0096677,           0.0096677,           0.0096677
                  26,            0.013925,          0.00072119,          0.00062405,                   0,                   0,                   0,                   0,                   0,                   0,                   0,           0.0096538,           0.0096538,           0.0096538
                  27,            0.013749,          0.00069655,          0.00062628,                   0,                   0,                   0,                   0,                   0,                   0,                   0,             0.00964,             0.00964,             0.00964
                  28,            0.013979,          0.00069698,          0.00065793,                   0,                   0,                   0,                   0,                   0,                   0,                   0,           0.0096262,           0.0096262,           0.0096262
                  29,            0.014342,          0.00070376,          0.00065728,                   0,                   0,                   0,                   0,                   0,                   0,                   0,           0.0096123,           0.0096123,           0.0096123
                  30,            0.013767,          0.00068249,          0.00065948,                   0,                   0,                   0,                   0,                   0,                   0,                   0,           0.0095985,           0.0095985,           0.0095985
                  31,            0.013291,          0.00066015,          0.00059513,                   0,                   0,                   0,                   0,                   0,                   0,                   0,           0.0095846,           0.0095846,           0.0095846
                  32,            0.013081,          0.00063784,           0.0006031,                   0,                   0,                   0,                   0,                   0,                   0,                   0,           0.0095708,           0.0095708,           0.0095708
                  33,            0.013406,          0.00063218,           0.0006074,                   0,                   0,                   0,                   0,                   0,                   0,                   0,           0.0095569,           0.0095569,           0.0095569
                  34,            0.013617,          0.00062089,          0.00056868,                   0,                   0,                   0,                   0,                   0,                   0,                   0,           0.0095431,           0.0095431,           0.0095431
                  35,            0.013137,          0.00061555,          0.00055808,                   0,                   0,                   0,                   0,                   0,                   0,                   0,           0.0095292,           0.0095292,           0.0095292
                  36,            0.012813,          0.00061767,          0.00058714,                   0,                   0,                   0,                   0,                   0,                   0,                   0,           0.0095154,           0.0095154,           0.0095154
                  37,             0.01249,          0.00059315,          0.00053778,                   0,                   0,                   0,                   0,                   0,                   0,                   0,           0.0095015,           0.0095015,           0.0095015
                  38,            0.012854,          0.00059601,           0.0005691,                   0,                   0,                   0,                   0,                   0,                   0,                   0,           0.0094877,           0.0094877,           0.0094877
                  39,            0.012904,          0.00060041,          0.00056257,                   0,                   0,                   0,                   0,                   0,                   0,                   0,           0.0094738,           0.0094738,           0.0094738
                  40,            0.012676,          0.00058434,          0.00054981,                   0,                   0,                   0,                   0,                   0,                   0,                   0,             0.00946,             0.00946,             0.00946
                  41,            0.012507,          0.00057787,          0.00056469,                   0,                   0,                   0,                   0,                   0,                   0,                   0,           0.0094462,           0.0094462,           0.0094462
                  42,            0.012679,           0.0005761,          0.00054013,                   0,                   0,                   0,                   0,                   0,                   0,                   0,           0.0094323,           0.0094323,           0.0094323
                  43,            0.012399,          0.00057439,          0.00053138,                   0,                   0,                   0,                   0,                   0,                   0,                   0,           0.0094185,           0.0094185,           0.0094185
                  44,            0.012601,          0.00056434,          0.00056587,                   0,                   0,                   0,                   0,                   0,                   0,                   0,           0.0094046,           0.0094046,           0.0094046
                  45,             0.01258,          0.00057112,          0.00059503,                   0,                   0,                   0,                   0,                   0,                   0,                   0,           0.0093908,           0.0093908,           0.0093908
                  46,            0.012274,          0.00055367,           0.0005489,                   0,                   0,                   0,                   0,                   0,                   0,                   0,           0.0093769,           0.0093769,           0.0093769
                  47,            0.012417,          0.00056094,          0.00064603,                   0,                   0,                   0,                   0,                   0,                   0,                   0,           0.0093631,           0.0093631,           0.0093631
                  48,            0.012185,          0.00056133,          0.00054156,                   0,                   0,                   0,                   0,                   0,                   0,                   0,           0.0093492,           0.0093492,           0.0093492
                  49,            0.012407,          0.00056002,          0.00054498,                   0,                   0,                   0,                   0,                   0,                   0,                   0,           0.0093354,           0.0093354,           0.0093354
                  50,            0.012169,          0.00054944,          0.00055047,                   0,                   0,                   0,                   0,                   0,                   0,                   0,           0.0093215,           0.0093215,           0.0093215
                  51,            0.011675,           0.0005334,          0.00055008,                   0,                   0,                   0,                   0,                   0,                   0,                   0,           0.0093077,           0.0093077,           0.0093077
                  52,            0.011704,          0.00052377,           0.0005371,                   0,                   0,                   0,                   0,                   0,                   0,                   0,           0.0092938,           0.0092938,           0.0092938
                  53,            0.011632,           0.0005119,          0.00053195,                   0,                   0,                   0,                   0,                   0,                   0,                   0,             0.00928,             0.00928,             0.00928
                  54,            0.011343,          0.00050847,          0.00050031,                   0,                   0,                   0,                   0,                   0,                   0,                   0,           0.0092662,           0.0092662,           0.0092662
                  55,            0.011435,          0.00050883,          0.00054589,                   0,                   0,                   0,                   0,                   0,                   0,                   0,           0.0092523,           0.0092523,           0.0092523
                  56,            0.011698,           0.0005119,          0.00052953,                   0,                   0,                   0,                   0,                   0,                   0,                   0,           0.0092385,           0.0092385,           0.0092385
                  57,             0.01251,          0.00052616,          0.00057602,                   0,                   0,                   0,                   0,                   0,                   0,                   0,           0.0092246,           0.0092246,           0.0092246
                  58,            0.011996,           0.0005286,          0.00052852,                   0,                   0,                   0,                   0,                   0,                   0,                   0,           0.0092108,           0.0092108,           0.0092108
                  59,            0.011367,          0.00050818,          0.00055693,                   0,                   0,                   0,                   0,                   0,                   0,                   0,           0.0091969,           0.0091969,           0.0091969
                  60,            0.011385,          0.00050497,          0.00055141,                   0,                   0,                   0,                   0,                   0,                   0,                   0,           0.0091831,           0.0091831,           0.0091831
                  61,            0.011441,           0.0004995,          0.00054657,                   0,                   0,                   0,                   0,                   0,                   0,                   0,           0.0091692,           0.0091692,           0.0091692
                  62,            0.011415,          0.00050232,          0.00054199,                   0,                   0,                   0,                   0,                   0,                   0,                   0,           0.0091554,           0.0091554,           0.0091554
                  63,            0.011403,          0.00049352,          0.00051264,                   0,                   0,                   0,                   0,                   0,                   0,                   0,           0.0091415,           0.0091415,           0.0091415
                  64,            0.011189,          0.00048576,          0.00052752,                   0,                   0,                   0,                   0,                   0,                   0,                   0,           0.0091277,           0.0091277,           0.0091277
                  65,             0.01103,          0.00048684,           0.0005355,                   0,                   0,                   0,                   0,                   0,                   0,                   0,           0.0091138,           0.0091138,           0.0091138
                  66,            0.011225,          0.00048454,           0.0005565,                   0,                   0,                   0,                   0,                   0,                   0,                   0,              0.0091,              0.0091,              0.0091
                  67,            0.011457,          0.00048442,          0.00051902,                   0,                   0,                   0,                   0,                   0,                   0,                   0,           0.0090862,           0.0090862,           0.0090862
                  68,            0.011375,          0.00048262,          0.00055853,                   0,                   0,                   0,                   0,                   0,                   0,                   0,           0.0090723,           0.0090723,           0.0090723
                  69,             0.01156,           0.0004975,          0.00060343,                   0,                   0,                   0,                   0,                   0,                   0,                   0,           0.0090585,           0.0090585,           0.0090585
                  70,            0.012096,          0.00050955,          0.00060412,                   0,                   0,                   0,                   0,                   0,                   0,                   0,           0.0090446,           0.0090446,           0.0090446
                  71,             0.01164,          0.00049935,           0.0005405,                   0,                   0,                   0,                   0,                   0,                   0,                   0,           0.0090308,           0.0090308,           0.0090308
                  72,            0.010801,          0.00046456,          0.00052935,                   0,                   0,                   0,                   0,                   0,                   0,                   0,           0.0090169,           0.0090169,           0.0090169
                  73,            0.010328,          0.00045151,          0.00050435,                   0,                   0,                   0,                   0,                   0,                   0,                   0,           0.0090031,           0.0090031,           0.0090031
                  74,            0.010401,          0.00044824,           0.0005475,                   0,                   0,                   0,                   0,                   0,                   0,                   0,           0.0089892,           0.0089892,           0.0089892
                  75,            0.010405,          0.00046255,          0.00051189,                   0,                   0,                   0,                   0,                   0,                   0,                   0,           0.0089754,           0.0089754,           0.0089754
                  76,            0.010305,          0.00045278,          0.00052282,                   0,                   0,                   0,                   0,                   0,                   0,                   0,           0.0089615,           0.0089615,           0.0089615
                  77,            0.010323,          0.00044631,          0.00049733,                   0,                   0,                   0,                   0,                   0,                   0,                   0,           0.0089477,           0.0089477,           0.0089477
                  78,            0.010348,          0.00044851,          0.00050453,                   0,                   0,                   0,                   0,                   0,                   0,                   0,           0.0089338,           0.0089338,           0.0089338
                  79,            0.010496,          0.00044876,          0.00050373,                   0,                   0,                   0,                   0,                   0,                   0,                   0,             0.00892,             0.00892,             0.00892
                  80,            0.010249,          0.00044309,          0.00049195,                   0,                   0,                   0,                   0,                   0,                   0,                   0,           0.0089062,           0.0089062,           0.0089062
                  81,           0.0099742,          0.00043482,          0.00049161,                   0,                   0,                   0,                   0,                   0,                   0,                   0,           0.0088923,           0.0088923,           0.0088923
                  82,            0.010234,          0.00044657,          0.00054214,                   0,                   0,                   0,                   0,                   0,                   0,                   0,           0.0088785,           0.0088785,           0.0088785
                  83,            0.010078,          0.00043607,          0.00046544,                   0,                   0,                   0,                   0,                   0,                   0,                   0,           0.0088646,           0.0088646,           0.0088646
                  84,              0.0106,          0.00043585,          0.00055899,                   0,                   0,                   0,                   0,                   0,                   0,                   0,           0.0088508,           0.0088508,           0.0088508
                  85,             0.01047,          0.00043779,           0.0005424,                   0,                   0,                   0,                   0,                   0,                   0,                   0,           0.0088369,           0.0088369,           0.0088369
                  86,            0.010075,          0.00043231,          0.00049166,                   0,                   0,                   0,                   0,                   0,                   0,                   0,           0.0088231,           0.0088231,           0.0088231
                  87,            0.010399,          0.00043681,          0.00049229,                   0,                   0,                   0,                   0,                   0,                   0,                   0,           0.0088092,           0.0088092,           0.0088092
                  88,            0.010136,          0.00043494,          0.00051164,                   0,                   0,                   0,                   0,                   0,                   0,                   0,           0.0087954,           0.0087954,           0.0087954
                  89,            0.010439,           0.0004428,          0.00054563,                   0,                   0,                   0,                   0,                   0,                   0,                   0,           0.0087815,           0.0087815,           0.0087815
                  90,             0.01019,          0.00043632,          0.00049971,                   0,                   0,                   0,                   0,                   0,                   0,                   0,           0.0087677,           0.0087677,           0.0087677
                  91,           0.0096469,           0.0004257,          0.00047343,                   0,                   0,                   0,                   0,                   0,                   0,                   0,           0.0087538,           0.0087538,           0.0087538
                  92,           0.0096889,          0.00041302,           0.0005174,                   0,                   0,                   0,                   0,                   0,                   0,                   0,             0.00874,             0.00874,             0.00874
                  93,           0.0098475,          0.00042516,           0.0005051,                   0,                   0,                   0,                   0,                   0,                   0,                   0,           0.0087262,           0.0087262,           0.0087262
                  94,            0.010312,          0.00042878,          0.00056273,                   0,                   0,                   0,                   0,                   0,                   0,                   0,           0.0087123,           0.0087123,           0.0087123
                  95,            0.010468,          0.00043013,            0.000547,                   0,                   0,                   0,                   0,                   0,                   0,                   0,           0.0086985,           0.0086985,           0.0086985
                  96,            0.010097,          0.00042374,          0.00050142,                   0,                   0,                   0,                   0,                   0,                   0,                   0,           0.0086846,           0.0086846,           0.0086846
                  97,            0.010637,          0.00042137,          0.00050137,                   0,                   0,                   0,                   0,                   0,                   0,                   0,           0.0086708,           0.0086708,           0.0086708
                  98,            0.010054,          0.00043093,          0.00049044,                   0,                   0,                   0,                   0,                   0,                   0,                   0,           0.0086569,           0.0086569,           0.0086569
                  99,           0.0098386,          0.00041683,          0.00052699,                   0,                   0,                   0,                   0,                   0,                   0,                   0,           0.0086431,           0.0086431,           0.0086431
                 100,            0.010082,           0.0004235,          0.00050106,                   0,                   0,                   0,                   0,                   0,                   0,                   0,           0.0086292,           0.0086292,           0.0086292
                 101,           0.0096246,          0.00041344,          0.00049278,                   0,                   0,                   0,                   0,                   0,                   0,                   0,           0.0086154,           0.0086154,           0.0086154
                 102,           0.0094669,          0.00040765,          0.00046966,                   0,                   0,                   0,                   0,                   0,                   0,                   0,           0.0086015,           0.0086015,           0.0086015
                 103,           0.0097306,          0.00040705,          0.00052652,                   0,                   0,                   0,                   0,                   0,                   0,                   0,           0.0085877,           0.0085877,           0.0085877
                 104,           0.0092645,          0.00040175,          0.00047465,                   0,                   0,                   0,                   0,                   0,                   0,                   0,           0.0085738,           0.0085738,           0.0085738
                 105,           0.0096355,          0.00040746,           0.0005046,                   0,                   0,                   0,                   0,                   0,                   0,                   0,             0.00856,             0.00856,             0.00856
                 106,           0.0099192,          0.00041902,          0.00049804,                   0,                   0,                   0,                   0,                   0,                   0,                   0,           0.0085462,           0.0085462,           0.0085462
                 107,           0.0097642,          0.00040488,          0.00047858,                   0,                   0,                   0,                   0,                   0,                   0,                   0,           0.0085323,           0.0085323,           0.0085323
                 108,           0.0093878,          0.00039464,          0.00048238,                   0,                   0,                   0,                   0,                   0,                   0,                   0,           0.0085185,           0.0085185,           0.0085185
                 109,           0.0097498,          0.00039775,          0.00048538,                   0,                   0,                   0,                   0,                   0,                   0,                   0,           0.0085046,           0.0085046,           0.0085046
                 110,           0.0096487,          0.00041786,          0.00048744,                   0,                   0,                   0,                   0,                   0,                   0,                   0,           0.0084908,           0.0084908,           0.0084908
                 111,           0.0096943,          0.00040518,          0.00053176,                   0,                   0,                   0,                   0,                   0,                   0,                   0,           0.0084769,           0.0084769,           0.0084769
                 112,           0.0093831,          0.00039558,          0.00049678,                   0,                   0,                   0,                   0,                   0,                   0,                   0,           0.0084631,           0.0084631,           0.0084631
                 113,           0.0093913,          0.00039713,          0.00048187,                   0,                   0,                   0,                   0,                   0,                   0,                   0,           0.0084492,           0.0084492,           0.0084492
                 114,           0.0093288,          0.00039215,          0.00049279,                   0,                   0,                   0,                   0,                   0,                   0,                   0,           0.0084354,           0.0084354,           0.0084354
                 115,           0.0096012,          0.00042408,          0.00052157,                   0,                   0,                   0,                   0,                   0,                   0,                   0,           0.0084215,           0.0084215,           0.0084215
                 116,           0.0091486,          0.00040285,          0.00046629,                   0,                   0,                   0,                   0,                   0,                   0,                   0,           0.0084077,           0.0084077,           0.0084077
                 117,           0.0094618,          0.00039694,          0.00047445,                   0,                   0,                   0,                   0,                   0,                   0,                   0,           0.0083938,           0.0083938,           0.0083938
                 118,           0.0091223,          0.00038692,          0.00048549,                   0,                   0,                   0,                   0,                   0,                   0,                   0,             0.00838,             0.00838,             0.00838
                 119,            0.009143,          0.00038866,          0.00048234,                   0,                   0,                   0,                   0,                   0,                   0,                   0,           0.0083662,           0.0083662,           0.0083662
                 120,           0.0088671,          0.00037975,          0.00046402,                   0,                   0,                   0,                   0,                   0,                   0,                   0,           0.0083523,           0.0083523,           0.0083523
                 121,           0.0091099,          0.00038489,          0.00048721,                   0,                   0,                   0,                   0,                   0,                   0,                   0,           0.0083385,           0.0083385,           0.0083385
                 122,           0.0091012,          0.00038114,          0.00045596,                   0,                   0,                   0,                   0,                   0,                   0,                   0,           0.0083246,           0.0083246,           0.0083246
                 123,           0.0093242,          0.00038794,          0.00046673,                   0,                   0,                   0,                   0,                   0,                   0,                   0,           0.0083108,           0.0083108,           0.0083108
                 124,           0.0091528,          0.00038209,          0.00048921,                   0,                   0,                   0,                   0,                   0,                   0,                   0,           0.0082969,           0.0082969,           0.0082969
                 125,           0.0091294,          0.00038502,          0.00049666,                   0,                   0,                   0,                   0,                   0,                   0,                   0,           0.0082831,           0.0082831,           0.0082831
                 126,           0.0089096,          0.00038518,          0.00046674,                   0,                   0,                   0,                   0,                   0,                   0,                   0,           0.0082692,           0.0082692,           0.0082692
                 127,            0.008931,           0.0003773,          0.00047969,                   0,                   0,                   0,                   0,                   0,                   0,                   0,           0.0082554,           0.0082554,           0.0082554
                 128,           0.0092129,          0.00037238,          0.00048465,                   0,                   0,                   0,                   0,                   0,                   0,                   0,           0.0082415,           0.0082415,           0.0082415
                 129,           0.0089178,          0.00037405,          0.00046434,                   0,                   0,                   0,                   0,                   0,                   0,                   0,           0.0082277,           0.0082277,           0.0082277
                 130,           0.0092925,          0.00038324,          0.00049364,                   0,                   0,                   0,                   0,                   0,                   0,                   0,           0.0082138,           0.0082138,           0.0082138
                 131,           0.0095809,          0.00040133,          0.00047618,                   0,                   0,                   0,                   0,                   0,                   0,                   0,              0.0082,              0.0082,              0.0082
                 132,             0.00923,          0.00038577,          0.00053124,                   0,                   0,                   0,                   0,                   0,                   0,                   0,           0.0081862,           0.0081862,           0.0081862
                 133,           0.0098218,          0.00038881,          0.00054339,                   0,                   0,                   0,                   0,                   0,                   0,                   0,           0.0081723,           0.0081723,           0.0081723
                 134,            0.010212,          0.00039783,          0.00046964,                   0,                   0,                   0,                   0,                   0,                   0,                   0,           0.0081585,           0.0081585,           0.0081585
                 135,           0.0097237,          0.00038801,          0.00044197,                   0,                   0,                   0,                   0,                   0,                   0,                   0,           0.0081446,           0.0081446,           0.0081446
                 136,             0.01001,          0.00038858,          0.00051466,                   0,                   0,                   0,                   0,                   0,                   0,                   0,           0.0081308,           0.0081308,           0.0081308
                 137,           0.0090055,          0.00036672,          0.00049319,                   0,                   0,                   0,                   0,                   0,                   0,                   0,           0.0081169,           0.0081169,           0.0081169
                 138,            0.008861,          0.00036446,          0.00044915,                   0,                   0,                   0,                   0,                   0,                   0,                   0,           0.0081031,           0.0081031,           0.0081031
                 139,           0.0090798,          0.00036866,          0.00046168,                   0,                   0,                   0,                   0,                   0,                   0,                   0,           0.0080892,           0.0080892,           0.0080892
                 140,           0.0088109,          0.00036593,           0.0004728,                   0,                   0,                   0,                   0,                   0,                   0,                   0,           0.0080754,           0.0080754,           0.0080754
                 141,           0.0088132,          0.00036598,          0.00048382,                   0,                   0,                   0,                   0,                   0,                   0,                   0,           0.0080615,           0.0080615,           0.0080615
                 142,           0.0084895,          0.00035943,           0.0004715,                   0,                   0,                   0,                   0,                   0,                   0,                   0,           0.0080477,           0.0080477,           0.0080477
                 143,           0.0086346,          0.00036272,          0.00049336,                   0,                   0,                   0,                   0,                   0,                   0,                   0,           0.0080338,           0.0080338,           0.0080338
                 144,           0.0085835,          0.00035569,          0.00049529,                   0,                   0,                   0,                   0,                   0,                   0,                   0,             0.00802,             0.00802,             0.00802
                 145,           0.0087192,          0.00036083,          0.00050014,                   0,                   0,                   0,                   0,                   0,                   0,                   0,           0.0080062,           0.0080062,           0.0080062
                 146,           0.0086548,          0.00036133,          0.00049135,                   0,                   0,                   0,                   0,                   0,                   0,                   0,           0.0079923,           0.0079923,           0.0079923
                 147,           0.0082812,          0.00035673,          0.00047238,                   0,                   0,                   0,                   0,                   0,                   0,                   0,           0.0079785,           0.0079785,           0.0079785
                 148,           0.0084143,          0.00035351,          0.00045046,                   0,                   0,                   0,                   0,                   0,                   0,                   0,           0.0079646,           0.0079646,           0.0079646
                 149,           0.0088449,          0.00036656,          0.00048309,                   0,                   0,                   0,                   0,                   0,                   0,                   0,           0.0079508,           0.0079508,           0.0079508
                 150,           0.0088386,          0.00035999,          0.00047558,                   0,                   0,                   0,                   0,                   0,                   0,                   0,           0.0079369,           0.0079369,           0.0079369
                 151,           0.0086291,          0.00035326,          0.00047249,                   0,                   0,                   0,                   0,                   0,                   0,                   0,           0.0079231,           0.0079231,           0.0079231
                 152,           0.0089792,          0.00037209,          0.00050957,                   0,                   0,                   0,                   0,                   0,                   0,                   0,           0.0079092,           0.0079092,           0.0079092
                 153,           0.0085181,          0.00036023,          0.00047519,                   0,                   0,                   0,                   0,                   0,                   0,                   0,           0.0078954,           0.0078954,           0.0078954
                 154,           0.0083313,          0.00035081,          0.00048062,                   0,                   0,                   0,                   0,                   0,                   0,                   0,           0.0078815,           0.0078815,           0.0078815
                 155,            0.008655,          0.00034704,          0.00046678,                   0,                   0,                   0,                   0,                   0,                   0,                   0,           0.0078677,           0.0078677,           0.0078677
                 156,            0.008727,          0.00036115,          0.00048511,                   0,                   0,                   0,                   0,                   0,                   0,                   0,           0.0078538,           0.0078538,           0.0078538
                 157,           0.0083881,          0.00036103,          0.00048971,                   0,                   0,                   0,                   0,                   0,                   0,                   0,             0.00784,             0.00784,             0.00784
                 158,           0.0084056,          0.00035436,           0.0004747,                   0,                   0,                   0,                   0,                   0,                   0,                   0,           0.0078262,           0.0078262,           0.0078262
                 159,           0.0083435,           0.0003586,          0.00046743,                   0,                   0,                   0,                   0,                   0,                   0,                   0,           0.0078123,           0.0078123,           0.0078123
                 160,           0.0085148,          0.00034662,          0.00047879,                   0,                   0,                   0,                   0,                   0,                   0,                   0,           0.0077985,           0.0077985,           0.0077985
                 161,            0.008595,          0.00035329,          0.00046445,                   0,                   0,                   0,                   0,                   0,                   0,                   0,           0.0077846,           0.0077846,           0.0077846
                 162,           0.0088512,          0.00035684,          0.00049245,                   0,                   0,                   0,                   0,                   0,                   0,                   0,           0.0077708,           0.0077708,           0.0077708
                 163,           0.0087841,          0.00035997,          0.00049071,                   0,                   0,                   0,                   0,                   0,                   0,                   0,           0.0077569,           0.0077569,           0.0077569
                 164,           0.0087948,          0.00035548,          0.00046401,                   0,                   0,                   0,                   0,                   0,                   0,                   0,           0.0077431,           0.0077431,           0.0077431
                 165,            0.009283,          0.00037179,           0.0004563,                   0,                   0,                   0,                   0,                   0,                   0,                   0,           0.0077292,           0.0077292,           0.0077292
                 166,           0.0094383,          0.00037336,          0.00046195,                   0,                   0,                   0,                   0,                   0,                   0,                   0,           0.0077154,           0.0077154,           0.0077154
                 167,           0.0095936,          0.00037921,          0.00050447,                   0,                   0,                   0,                   0,                   0,                   0,                   0,           0.0077015,           0.0077015,           0.0077015
                 168,           0.0087951,          0.00036198,          0.00044513,                   0,                   0,                   0,                   0,                   0,                   0,                   0,           0.0076877,           0.0076877,           0.0076877
                 169,           0.0088935,          0.00035149,          0.00045636,                   0,                   0,                   0,                   0,                   0,                   0,                   0,           0.0076738,           0.0076738,           0.0076738
                 170,           0.0086491,          0.00035898,          0.00045515,                   0,                   0,                   0,                   0,                   0,                   0,                   0,             0.00766,             0.00766,             0.00766
                 171,           0.0088654,          0.00035017,          0.00044316,                   0,                   0,                   0,                   0,                   0,                   0,                   0,           0.0076462,           0.0076462,           0.0076462
                 172,           0.0087157,          0.00035207,          0.00046976,                   0,                   0,                   0,                   0,                   0,                   0,                   0,           0.0076323,           0.0076323,           0.0076323
                 173,           0.0085516,          0.00034711,          0.00047711,                   0,                   0,                   0,                   0,                   0,                   0,                   0,           0.0076185,           0.0076185,           0.0076185
                 174,            0.008289,          0.00033971,          0.00044925,                   0,                   0,                   0,                   0,                   0,                   0,                   0,           0.0076046,           0.0076046,           0.0076046
                 175,           0.0082155,          0.00034117,          0.00047504,                   0,                   0,                   0,                   0,                   0,                   0,                   0,           0.0075908,           0.0075908,           0.0075908
                 176,           0.0080517,          0.00034174,          0.00045038,                   0,                   0,                   0,                   0,                   0,                   0,                   0,           0.0075769,           0.0075769,           0.0075769
                 177,           0.0080424,          0.00033094,          0.00046171,                   0,                   0,                   0,                   0,                   0,                   0,                   0,           0.0075631,           0.0075631,           0.0075631
                 178,           0.0083052,            0.000343,          0.00047445,                   0,                   0,                   0,                   0,                   0,                   0,                   0,           0.0075492,           0.0075492,           0.0075492
                 179,           0.0079688,          0.00033311,          0.00043824,                   0,                   0,                   0,                   0,                   0,                   0,                   0,           0.0075354,           0.0075354,           0.0075354
                 180,           0.0080702,          0.00033272,          0.00044414,                   0,                   0,                   0,                   0,                   0,                   0,                   0,           0.0075215,           0.0075215,           0.0075215
                 181,           0.0082263,           0.0003362,          0.00045781,                   0,                   0,                   0,                   0,                   0,                   0,                   0,           0.0075077,           0.0075077,           0.0075077
                 182,           0.0080333,          0.00033433,          0.00045887,                   0,                   0,                   0,                   0,                   0,                   0,                   0,           0.0074938,           0.0074938,           0.0074938
                 183,           0.0083674,           0.0003419,          0.00045051,                   0,                   0,                   0,                   0,                   0,                   0,                   0,             0.00748,             0.00748,             0.00748
                 184,           0.0082072,          0.00033188,          0.00044242,                   0,                   0,                   0,                   0,                   0,                   0,                   0,           0.0074662,           0.0074662,           0.0074662
                 185,           0.0080667,          0.00033147,          0.00045619,                   0,                   0,                   0,                   0,                   0,                   0,                   0,           0.0074523,           0.0074523,           0.0074523
                 186,           0.0081263,            0.000333,          0.00046144,                   0,                   0,                   0,                   0,                   0,                   0,                   0,           0.0074385,           0.0074385,           0.0074385
                 187,               0.008,          0.00033589,          0.00043297,                   0,                   0,                   0,                   0,                   0,                   0,                   0,           0.0074246,           0.0074246,           0.0074246
                 188,           0.0082152,           0.0003368,          0.00046935,                   0,                   0,                   0,                   0,                   0,                   0,                   0,           0.0074108,           0.0074108,           0.0074108
                 189,           0.0082515,          0.00033957,          0.00044513,                   0,                   0,                   0,                   0,                   0,                   0,                   0,           0.0073969,           0.0073969,           0.0073969
                 190,           0.0085269,          0.00034492,          0.00054542,                   0,                   0,                   0,                   0,                   0,                   0,                   0,           0.0073831,           0.0073831,           0.0073831
                 191,           0.0083373,          0.00034655,           0.0004632,                   0,                   0,                   0,                   0,                   0,                   0,                   0,           0.0073692,           0.0073692,           0.0073692
                 192,           0.0087933,          0.00035794,           0.0004934,                   0,                   0,                   0,                   0,                   0,                   0,                   0,           0.0073554,           0.0073554,           0.0073554
                 193,           0.0083978,          0.00034144,          0.00045961,                   0,                   0,                   0,                   0,                   0,                   0,                   0,           0.0073415,           0.0073415,           0.0073415
                 194,           0.0086073,          0.00034258,          0.00046397,                   0,                   0,                   0,                   0,                   0,                   0,                   0,           0.0073277,           0.0073277,           0.0073277
                 195,           0.0080931,          0.00033736,          0.00045552,                   0,                   0,                   0,                   0,                   0,                   0,                   0,           0.0073138,           0.0073138,           0.0073138
                 196,           0.0083306,           0.0003369,          0.00045234,                   0,                   0,                   0,                   0,                   0,                   0,                   0,              0.0073,              0.0073,              0.0073
                 197,           0.0079074,          0.00032774,          0.00045216,                   0,                   0,                   0,                   0,                   0,                   0,                   0,           0.0072862,           0.0072862,           0.0072862
                 198,           0.0077677,          0.00032587,          0.00043573,                   0,                   0,                   0,                   0,                   0,                   0,                   0,           0.0072723,           0.0072723,           0.0072723
                 199,             0.00829,          0.00033136,          0.00046454,                   0,                   0,                   0,                   0,                   0,                   0,                   0,           0.0072585,           0.0072585,           0.0072585
                 200,            0.007971,           0.0003183,          0.00043911,                   0,                   0,                   0,                   0,                   0,                   0,                   0,           0.0072446,           0.0072446,           0.0072446
                 201,           0.0080561,          0.00032862,          0.00045108,                   0,                   0,                   0,                   0,                   0,                   0,                   0,           0.0072308,           0.0072308,           0.0072308
                 202,           0.0082207,          0.00033297,          0.00048115,                   0,                   0,                   0,                   0,                   0,                   0,                   0,           0.0072169,           0.0072169,           0.0072169
                 203,           0.0076176,          0.00031595,           0.0004244,                   0,                   0,                   0,                   0,                   0,                   0,                   0,           0.0072031,           0.0072031,           0.0072031
                 204,           0.0078403,          0.00031894,          0.00045116,                   0,                   0,                   0,                   0,                   0,                   0,                   0,           0.0071892,           0.0071892,           0.0071892
                 205,           0.0080713,          0.00031882,          0.00045509,                   0,                   0,                   0,                   0,                   0,                   0,                   0,           0.0071754,           0.0071754,           0.0071754
                 206,           0.0078962,          0.00032417,          0.00045857,                   0,                   0,                   0,                   0,                   0,                   0,                   0,           0.0071615,           0.0071615,           0.0071615
                 207,            0.008029,          0.00032369,          0.00045757,                   0,                   0,                   0,                   0,                   0,                   0,                   0,           0.0071477,           0.0071477,           0.0071477
                 208,           0.0078668,           0.0003218,          0.00043479,                   0,                   0,                   0,                   0,                   0,                   0,                   0,           0.0071338,           0.0071338,           0.0071338
                 209,           0.0077556,          0.00033085,           0.0004251,                   0,                   0,                   0,                   0,                   0,                   0,                   0,             0.00712,             0.00712,             0.00712
                 210,           0.0079165,          0.00031876,          0.00043555,                   0,                   0,                   0,                   0,                   0,                   0,                   0,           0.0071062,           0.0071062,           0.0071062
                 211,           0.0079329,          0.00032009,          0.00044548,                   0,                   0,                   0,                   0,                   0,                   0,                   0,           0.0070923,           0.0070923,           0.0070923
                 212,           0.0074668,          0.00031152,          0.00043338,                   0,                   0,                   0,                   0,                   0,                   0,                   0,           0.0070785,           0.0070785,           0.0070785
                 213,           0.0076579,          0.00031202,          0.00045886,                   0,                   0,                   0,                   0,                   0,                   0,                   0,           0.0070646,           0.0070646,           0.0070646
                 214,           0.0077543,          0.00031368,          0.00043309,                   0,                   0,                   0,                   0,                   0,                   0,                   0,           0.0070508,           0.0070508,           0.0070508
                 215,           0.0082271,          0.00033348,          0.00044213,                   0,                   0,                   0,                   0,                   0,                   0,                   0,           0.0070369,           0.0070369,           0.0070369
                 216,                 nan,                 nan,           0.0005841,                   0,                   0,                   0,                   0,                   0,                   0,                   0,           0.0070231,           0.0070231,           0.0070231
                 217,           0.0096142,          0.00035753,          0.00047033,                   0,                   0,                   0,                   0,                   0,                   0,                   0,           0.0070092,           0.0070092,           0.0070092
                 218,           0.0085927,          0.00033685,          0.00044327,                   0,                   0,                   0,                   0,                   0,                   0,                   0,           0.0069954,           0.0069954,           0.0069954
                 219,           0.0082231,          0.00033047,          0.00042312,                   0,                   0,                   0,                   0,                   0,                   0,                   0,           0.0069815,           0.0069815,           0.0069815
                 220,           0.0083543,          0.00032883,          0.00044668,                   0,                   0,                   0,                   0,                   0,                   0,                   0,           0.0069677,           0.0069677,           0.0069677
                 221,           0.0079474,          0.00032457,          0.00042942,                   0,                   0,                   0,                   0,                   0,                   0,                   0,           0.0069538,           0.0069538,           0.0069538
                 222,           0.0084112,          0.00033393,          0.00045875,                   0,                   0,                   0,                   0,                   0,                   0,                   0,             0.00694,             0.00694,             0.00694
                 223,           0.0080902,          0.00032719,          0.00040945,                   0,                   0,                   0,                   0,                   0,                   0,                   0,           0.0069262,           0.0069262,           0.0069262
                 224,           0.0077418,          0.00031959,          0.00043165,                   0,                   0,                   0,                   0,                   0,                   0,                   0,           0.0069123,           0.0069123,           0.0069123
                 225,           0.0077268,          0.00031788,          0.00043927,                   0,                   0,                   0,                   0,                   0,                   0,                   0,           0.0068985,           0.0068985,           0.0068985
                 226,           0.0077186,           0.0003118,          0.00046536,                   0,                   0,                   0,                   0,                   0,                   0,                   0,           0.0068846,           0.0068846,           0.0068846
                 227,           0.0076982,          0.00031275,          0.00046444,                   0,                   0,                   0,                   0,                   0,                   0,                   0,           0.0068708,           0.0068708,           0.0068708
                 228,           0.0074223,          0.00030964,          0.00042362,                   0,                   0,                   0,                   0,                   0,                   0,                   0,           0.0068569,           0.0068569,           0.0068569
                 229,           0.0073822,          0.00030614,          0.00042333,                   0,                   0,                   0,                   0,                   0,                   0,                   0,           0.0068431,           0.0068431,           0.0068431
                 230,           0.0073617,          0.00030629,          0.00041922,                   0,                   0,                   0,                   0,                   0,                   0,                   0,           0.0068292,           0.0068292,           0.0068292
                 231,           0.0076952,          0.00032231,          0.00046031,                   0,                   0,                   0,                   0,                   0,                   0,                   0,           0.0068154,           0.0068154,           0.0068154
                 232,           0.0073219,          0.00031135,          0.00042692,                   0,                   0,                   0,                   0,                   0,                   0,                   0,           0.0068015,           0.0068015,           0.0068015
                 233,           0.0072905,          0.00031078,          0.00043156,                   0,                   0,                   0,                   0,                   0,                   0,                   0,           0.0067877,           0.0067877,           0.0067877
                 234,           0.0070778,          0.00030156,          0.00040012,                   0,                   0,                   0,                   0,                   0,                   0,                   0,           0.0067738,           0.0067738,           0.0067738
                 235,           0.0072723,           0.0003022,          0.00044238,                   0,                   0,                   0,                   0,                   0,                   0,                   0,             0.00676,             0.00676,             0.00676
                 236,           0.0073002,          0.00030618,          0.00043989,                   0,                   0,                   0,                   0,                   0,                   0,                   0,           0.0067462,           0.0067462,           0.0067462
                 237,           0.0072306,          0.00030769,          0.00043512,                   0,                   0,                   0,                   0,                   0,                   0,                   0,           0.0067323,           0.0067323,           0.0067323
                 238,           0.0072229,          0.00030361,          0.00043562,                   0,                   0,                   0,                   0,                   0,                   0,                   0,           0.0067185,           0.0067185,           0.0067185
                 239,           0.0071516,          0.00030254,          0.00042214,                   0,                   0,                   0,                   0,                   0,                   0,                   0,           0.0067046,           0.0067046,           0.0067046
                 240,            0.007417,          0.00029934,          0.00044434,                   0,                   0,                   0,                   0,                   0,                   0,                   0,           0.0066908,           0.0066908,           0.0066908
                 241,           0.0070838,          0.00030398,          0.00042328,                   0,                   0,                   0,                   0,                   0,                   0,                   0,           0.0066769,           0.0066769,           0.0066769
                 242,           0.0073356,          0.00030089,          0.00043793,                   0,                   0,                   0,                   0,                   0,                   0,                   0,           0.0066631,           0.0066631,           0.0066631
                 243,           0.0078867,          0.00030564,          0.00047768,                   0,                   0,                   0,                   0,                   0,                   0,                   0,           0.0066492,           0.0066492,           0.0066492
                 244,           0.0072571,          0.00030802,          0.00041578,                   0,                   0,                   0,                   0,                   0,                   0,                   0,           0.0066354,           0.0066354,           0.0066354
                 245,           0.0076066,          0.00030534,          0.00044155,                   0,                   0,                   0,                   0,                   0,                   0,                   0,           0.0066215,           0.0066215,           0.0066215
                 246,           0.0073015,          0.00031702,          0.00040562,                   0,                   0,                   0,                   0,                   0,                   0,                   0,           0.0066077,           0.0066077,           0.0066077
                 247,           0.0077452,          0.00031148,          0.00045186,                   0,                   0,                   0,                   0,                   0,                   0,                   0,           0.0065938,           0.0065938,           0.0065938
                 248,           0.0078526,          0.00031431,          0.00046504,                   0,                   0,                   0,                   0,                   0,                   0,                   0,             0.00658,             0.00658,             0.00658
                 249,           0.0076197,          0.00031153,          0.00043333,                   0,                   0,                   0,                   0,                   0,                   0,                   0,           0.0065662,           0.0065662,           0.0065662
                 250,           0.0076287,          0.00030358,          0.00044013,                   0,                   0,                   0,                   0,                   0,                   0,                   0,           0.0065523,           0.0065523,           0.0065523
                 251,           0.0080867,          0.00032282,          0.00044547,                   0,                   0,                   0,                   0,                   0,                   0,                   0,           0.0065385,           0.0065385,           0.0065385
                 252,           0.0073639,          0.00030141,          0.00040008,                   0,                   0,                   0,                   0,                   0,                   0,                   0,           0.0065246,           0.0065246,           0.0065246
                 253,           0.0074969,           0.0003027,           0.0004137,                   0,                   0,                   0,                   0,                   0,                   0,                   0,           0.0065108,           0.0065108,           0.0065108
                 254,            0.007457,          0.00030492,          0.00041736,                   0,                   0,                   0,                   0,                   0,                   0,                   0,           0.0064969,           0.0064969,           0.0064969
                 255,           0.0078525,          0.00030728,          0.00043369,                   0,                   0,                   0,                   0,                   0,                   0,                   0,           0.0064831,           0.0064831,           0.0064831
                 256,           0.0075847,          0.00030594,          0.00041696,                   0,                   0,                   0,                   0,                   0,                   0,                   0,           0.0064692,           0.0064692,           0.0064692
                 257,           0.0077988,          0.00030485,          0.00043282,                   0,                   0,                   0,                   0,                   0,                   0,                   0,           0.0064554,           0.0064554,           0.0064554
                 258,           0.0079468,          0.00031504,           0.0004554,                   0,                   0,                   0,                   0,                   0,                   0,                   0,           0.0064415,           0.0064415,           0.0064415
                 259,           0.0082115,          0.00033356,          0.00041933,                   0,                   0,                   0,                   0,                   0,                   0,                   0,           0.0064277,           0.0064277,           0.0064277
                 260,            0.008173,          0.00031195,          0.00041925,                   0,                   0,                   0,                   0,                   0,                   0,                   0,           0.0064138,           0.0064138,           0.0064138
                 261,           0.0080208,          0.00031779,          0.00039996,                   0,                   0,                   0,                   0,                   0,                   0,                   0,              0.0064,              0.0064,              0.0064
                 262,           0.0077959,          0.00031373,          0.00041735,                   0,                   0,                   0,                   0,                   0,                   0,                   0,           0.0063862,           0.0063862,           0.0063862
                 263,            0.007685,          0.00031485,          0.00059538,                   0,                   0,                   0,                   0,                   0,                   0,                   0,           0.0063723,           0.0063723,           0.0063723
                 264,           0.0077537,          0.00031457,          0.00042583,                   0,                   0,                   0,                   0,                   0,                   0,                   0,           0.0063585,           0.0063585,           0.0063585
                 265,            0.007468,          0.00030576,          0.00040345,                   0,                   0,                   0,                   0,                   0,                   0,                   0,           0.0063446,           0.0063446,           0.0063446
                 266,           0.0074073,          0.00029515,          0.00043644,                   0,                   0,                   0,                   0,                   0,                   0,                   0,           0.0063308,           0.0063308,           0.0063308
                 267,           0.0074468,           0.0002975,          0.00044243,                   0,                   0,                   0,                   0,                   0,                   0,                   0,           0.0063169,           0.0063169,           0.0063169
                 268,           0.0070348,          0.00028229,          0.00041532,                   0,                   0,                   0,                   0,                   0,                   0,                   0,           0.0063031,           0.0063031,           0.0063031
                 269,           0.0069841,          0.00028828,          0.00040533,                   0,                   0,                   0,                   0,                   0,                   0,                   0,           0.0062892,           0.0062892,           0.0062892
                 270,           0.0068579,          0.00028666,          0.00042665,                   0,                   0,                   0,                   0,                   0,                   0,                   0,           0.0062754,           0.0062754,           0.0062754
                 271,           0.0067902,          0.00028077,          0.00042405,                   0,                   0,                   0,                   0,                   0,                   0,                   0,           0.0062615,           0.0062615,           0.0062615
                 272,            0.007006,          0.00028453,          0.00041646,                   0,                   0,                   0,                   0,                   0,                   0,                   0,           0.0062477,           0.0062477,           0.0062477
                 273,           0.0067897,          0.00028283,          0.00041928,                   0,                   0,                   0,                   0,                   0,                   0,                   0,           0.0062338,           0.0062338,           0.0062338
                 274,           0.0066742,          0.00027741,           0.0004047,                   0,                   0,                   0,                   0,                   0,                   0,                   0,             0.00622,             0.00622,             0.00622
                 275,           0.0068769,          0.00028433,          0.00040802,                   0,                   0,                   0,                   0,                   0,                   0,                   0,           0.0062062,           0.0062062,           0.0062062
                 276,           0.0070159,          0.00028604,          0.00042917,                   0,                   0,                   0,                   0,                   0,                   0,                   0,           0.0061923,           0.0061923,           0.0061923
                 277,           0.0068298,          0.00028102,          0.00042305,                   0,                   0,                   0,                   0,                   0,                   0,                   0,           0.0061785,           0.0061785,           0.0061785
                 278,           0.0067185,           0.0002816,          0.00041764,                   0,                   0,                   0,                   0,                   0,                   0,                   0,           0.0061646,           0.0061646,           0.0061646
                 279,           0.0069618,          0.00028212,          0.00042838,                   0,                   0,                   0,                   0,                   0,                   0,                   0,           0.0061508,           0.0061508,           0.0061508
                 280,           0.0068129,          0.00028114,          0.00041118,                   0,                   0,                   0,                   0,                   0,                   0,                   0,           0.0061369,           0.0061369,           0.0061369
                 281,           0.0068455,          0.00028412,           0.0004108,                   0,                   0,                   0,                   0,                   0,                   0,                   0,           0.0061231,           0.0061231,           0.0061231
                 282,           0.0068754,          0.00027802,          0.00039844,                   0,                   0,                   0,                   0,                   0,                   0,                   0,           0.0061092,           0.0061092,           0.0061092
                 283,            0.006776,          0.00027535,          0.00041092,                   0,                   0,                   0,                   0,                   0,                   0,                   0,           0.0060954,           0.0060954,           0.0060954
                 284,           0.0067399,           0.0002746,          0.00040896,                   0,                   0,                   0,                   0,                   0,                   0,                   0,           0.0060815,           0.0060815,           0.0060815
                 285,           0.0066169,          0.00027793,          0.00040958,                   0,                   0,                   0,                   0,                   0,                   0,                   0,           0.0060677,           0.0060677,           0.0060677
                 286,           0.0067316,          0.00027318,          0.00039955,                   0,                   0,                   0,                   0,                   0,                   0,                   0,           0.0060538,           0.0060538,           0.0060538
                 287,           0.0067887,          0.00027636,          0.00040615,                   0,                   0,                   0,                   0,                   0,                   0,                   0,             0.00604,             0.00604,             0.00604
                 288,           0.0065816,          0.00028001,          0.00038347,                   0,                   0,                   0,                   0,                   0,                   0,                   0,           0.0060262,           0.0060262,           0.0060262
                 289,           0.0070095,          0.00027699,          0.00041957,                   0,                   0,                   0,                   0,                   0,                   0,                   0,           0.0060123,           0.0060123,           0.0060123
                 290,           0.0066975,          0.00027734,          0.00042396,                   0,                   0,                   0,                   0,                   0,                   0,                   0,           0.0059985,           0.0059985,           0.0059985
                 291,           0.0065725,          0.00027198,          0.00039274,                   0,                   0,                   0,                   0,                   0,                   0,                   0,           0.0059846,           0.0059846,           0.0059846
                 292,           0.0066736,          0.00028016,           0.0004259,                   0,                   0,                   0,                   0,                   0,                   0,                   0,           0.0059708,           0.0059708,           0.0059708
                 293,           0.0069464,            0.000285,          0.00041215,                   0,                   0,                   0,                   0,                   0,                   0,                   0,           0.0059569,           0.0059569,           0.0059569
                 294,           0.0069206,          0.00028282,          0.00039772,                   0,                   0,                   0,                   0,                   0,                   0,                   0,           0.0059431,           0.0059431,           0.0059431
                 295,           0.0067761,          0.00029157,          0.00040014,                   0,                   0,                   0,                   0,                   0,                   0,                   0,           0.0059292,           0.0059292,           0.0059292
                 296,           0.0066487,          0.00027062,          0.00042382,                   0,                   0,                   0,                   0,                   0,                   0,                   0,           0.0059154,           0.0059154,           0.0059154
                 297,           0.0067399,          0.00027764,          0.00038843,                   0,                   0,                   0,                   0,                   0,                   0,                   0,           0.0059015,           0.0059015,           0.0059015
                 298,           0.0068785,          0.00027981,          0.00040459,                   0,                   0,                   0,                   0,                   0,                   0,                   0,           0.0058877,           0.0058877,           0.0058877
                 299,           0.0070859,          0.00028551,          0.00039937,                   0,                   0,                   0,                   0,                   0,                   0,                   0,           0.0058738,           0.0058738,           0.0058738
                 300,           0.0070107,          0.00028379,          0.00038791,                   0,                   0,                   0,                   0,                   0,                   0,                   0,             0.00586,             0.00586,             0.00586
                 301,           0.0071128,           0.0002842,          0.00043942,                   0,                   0,                   0,                   0,                   0,                   0,                   0,           0.0058462,           0.0058462,           0.0058462
                 302,           0.0070065,           0.0002914,           0.0004081,                   0,                   0,                   0,                   0,                   0,                   0,                   0,           0.0058323,           0.0058323,           0.0058323
                 303,           0.0068541,          0.00027498,          0.00037817,                   0,                   0,                   0,                   0,                   0,                   0,                   0,           0.0058185,           0.0058185,           0.0058185
                 304,           0.0069793,          0.00027706,          0.00039094,                   0,                   0,                   0,                   0,                   0,                   0,                   0,           0.0058046,           0.0058046,           0.0058046
                 305,           0.0070344,          0.00029024,          0.00043229,                   0,                   0,                   0,                   0,                   0,                   0,                   0,           0.0057908,           0.0057908,           0.0057908
                 306,           0.0068177,          0.00028126,          0.00038604,                   0,                   0,                   0,                   0,                   0,                   0,                   0,           0.0057769,           0.0057769,           0.0057769
                 307,           0.0067727,          0.00027134,          0.00039181,                   0,                   0,                   0,                   0,                   0,                   0,                   0,           0.0057631,           0.0057631,           0.0057631
                 308,           0.0066826,          0.00026954,          0.00037491,                   0,                   0,                   0,                   0,                   0,                   0,                   0,           0.0057492,           0.0057492,           0.0057492
                 309,           0.0069271,          0.00027872,          0.00041878,                   0,                   0,                   0,                   0,                   0,                   0,                   0,           0.0057354,           0.0057354,           0.0057354
                 310,           0.0070487,           0.0002848,          0.00046124,                   0,                   0,                   0,                   0,                   0,                   0,                   0,           0.0057215,           0.0057215,           0.0057215
                 311,           0.0074532,          0.00028842,          0.00051941,                   0,                   0,                   0,                   0,                   0,                   0,                   0,           0.0057077,           0.0057077,           0.0057077
                 312,           0.0070622,          0.00027967,          0.00039227,                   0,                   0,                   0,                   0,                   0,                   0,                   0,           0.0056938,           0.0056938,           0.0056938
                 313,           0.0068949,          0.00028742,          0.00038943,                   0,                   0,                   0,                   0,                   0,                   0,                   0,             0.00568,             0.00568,             0.00568
                 314,           0.0068447,          0.00028555,          0.00039171,                   0,                   0,                   0,                   0,                   0,                   0,                   0,           0.0056662,           0.0056662,           0.0056662
                 315,           0.0066523,          0.00026962,          0.00040055,                   0,                   0,                   0,                   0,                   0,                   0,                   0,           0.0056523,           0.0056523,           0.0056523
                 316,           0.0066653,          0.00027749,           0.0003979,                   0,                   0,                   0,                   0,                   0,                   0,                   0,           0.0056385,           0.0056385,           0.0056385
                 317,           0.0067085,           0.0002713,           0.0003985,                   0,                   0,                   0,                   0,                   0,                   0,                   0,           0.0056246,           0.0056246,           0.0056246
                 318,           0.0069733,          0.00027506,          0.00040337,                   0,                   0,                   0,                   0,                   0,                   0,                   0,           0.0056108,           0.0056108,           0.0056108
                 319,           0.0067988,          0.00027312,          0.00038185,                   0,                   0,                   0,                   0,                   0,                   0,                   0,           0.0055969,           0.0055969,           0.0055969
                 320,           0.0066582,          0.00027303,          0.00036484,                   0,                   0,                   0,                   0,                   0,                   0,                   0,           0.0055831,           0.0055831,           0.0055831
                 321,           0.0066615,          0.00027428,          0.00040121,                   0,                   0,                   0,                   0,                   0,                   0,                   0,           0.0055692,           0.0055692,           0.0055692
                 322,           0.0066436,          0.00026439,          0.00039715,                   0,                   0,                   0,                   0,                   0,                   0,                   0,           0.0055554,           0.0055554,           0.0055554
                 323,           0.0064281,          0.00025943,          0.00038188,                   0,                   0,                   0,                   0,                   0,                   0,                   0,           0.0055415,           0.0055415,           0.0055415
                 324,           0.0062609,          0.00026175,          0.00038911,                   0,                   0,                   0,                   0,                   0,                   0,                   0,           0.0055277,           0.0055277,           0.0055277
                 325,           0.0063056,          0.00026054,          0.00039561,                   0,                   0,                   0,                   0,                   0,                   0,                   0,           0.0055138,           0.0055138,           0.0055138
                 326,           0.0064522,          0.00026594,          0.00039995,                   0,                   0,                   0,                   0,                   0,                   0,                   0,              0.0055,              0.0055,              0.0055
                 327,           0.0062426,           0.0002574,          0.00037753,                   0,                   0,                   0,                   0,                   0,                   0,                   0,           0.0054862,           0.0054862,           0.0054862
                 328,           0.0065262,          0.00025827,          0.00040916,                   0,                   0,                   0,                   0,                   0,                   0,                   0,           0.0054723,           0.0054723,           0.0054723
                 329,           0.0062233,          0.00025574,          0.00037974,                   0,                   0,                   0,                   0,                   0,                   0,                   0,           0.0054585,           0.0054585,           0.0054585
                 330,           0.0064057,          0.00026303,          0.00040166,                   0,                   0,                   0,                   0,                   0,                   0,                   0,           0.0054446,           0.0054446,           0.0054446
                 331,           0.0063638,          0.00026549,          0.00039076,                   0,                   0,                   0,                   0,                   0,                   0,                   0,           0.0054308,           0.0054308,           0.0054308
                 332,            0.006235,          0.00026164,          0.00038651,                   0,                   0,                   0,                   0,                   0,                   0,                   0,           0.0054169,           0.0054169,           0.0054169
                 333,           0.0063697,            0.000255,           0.0004033,                   0,                   0,                   0,                   0,                   0,                   0,                   0,           0.0054031,           0.0054031,           0.0054031
                 334,           0.0062557,            0.000253,          0.00039204,                   0,                   0,                   0,                   0,                   0,                   0,                   0,           0.0053892,           0.0053892,           0.0053892
                 335,           0.0064237,          0.00025612,          0.00041186,                   0,                   0,                   0,                   0,                   0,                   0,                   0,           0.0053754,           0.0053754,           0.0053754
                 336,           0.0062395,          0.00025264,          0.00038378,                   0,                   0,                   0,                   0,                   0,                   0,                   0,           0.0053615,           0.0053615,           0.0053615
                 337,            0.006427,           0.0002547,          0.00037639,                   0,                   0,                   0,                   0,                   0,                   0,                   0,           0.0053477,           0.0053477,           0.0053477
                 338,            0.006329,          0.00025878,          0.00039856,                   0,                   0,                   0,                   0,                   0,                   0,                   0,           0.0053338,           0.0053338,           0.0053338
                 339,           0.0063032,          0.00024973,          0.00038735,                   0,                   0,                   0,                   0,                   0,                   0,                   0,             0.00532,             0.00532,             0.00532
                 340,           0.0063124,          0.00025795,          0.00038665,                   0,                   0,                   0,                   0,                   0,                   0,                   0,           0.0053062,           0.0053062,           0.0053062
                 341,           0.0061528,          0.00025158,          0.00037707,                   0,                   0,                   0,                   0,                   0,                   0,                   0,           0.0052923,           0.0052923,           0.0052923
                 342,           0.0063525,           0.0002556,          0.00039592,                   0,                   0,                   0,                   0,                   0,                   0,                   0,           0.0052785,           0.0052785,           0.0052785
                 343,           0.0062236,          0.00025258,           0.0003808,                   0,                   0,                   0,                   0,                   0,                   0,                   0,           0.0052646,           0.0052646,           0.0052646
                 344,           0.0066978,          0.00025773,           0.0004098,                   0,                   0,                   0,                   0,                   0,                   0,                   0,           0.0052508,           0.0052508,           0.0052508
                 345,            0.006406,          0.00025323,          0.00037422,                   0,                   0,                   0,                   0,                   0,                   0,                   0,           0.0052369,           0.0052369,           0.0052369
                 346,            0.006508,          0.00025641,          0.00039122,                   0,                   0,                   0,                   0,                   0,                   0,                   0,           0.0052231,           0.0052231,           0.0052231
                 347,            0.006784,          0.00026318,          0.00042597,                   0,                   0,                   0,                   0,                   0,                   0,                   0,           0.0052092,           0.0052092,           0.0052092
                 348,           0.0062376,          0.00025741,          0.00037306,                   0,                   0,                   0,                   0,                   0,                   0,                   0,           0.0051954,           0.0051954,           0.0051954
                 349,           0.0061045,          0.00025511,          0.00037595,                   0,                   0,                   0,                   0,                   0,                   0,                   0,           0.0051815,           0.0051815,           0.0051815
                 350,           0.0062974,          0.00025846,          0.00038568,                   0,                   0,                   0,                   0,                   0,                   0,                   0,           0.0051677,           0.0051677,           0.0051677
                 351,            0.006117,          0.00025252,          0.00039062,                   0,                   0,                   0,                   0,                   0,                   0,                   0,           0.0051538,           0.0051538,           0.0051538
                 352,           0.0060773,          0.00025214,          0.00038495,                   0,                   0,                   0,                   0,                   0,                   0,                   0,             0.00514,             0.00514,             0.00514
                 353,           0.0060034,          0.00024673,          0.00038391,                   0,                   0,                   0,                   0,                   0,                   0,                   0,           0.0051262,           0.0051262,           0.0051262
                 354,           0.0059692,          0.00024879,          0.00036774,                   0,                   0,                   0,                   0,                   0,                   0,                   0,           0.0051123,           0.0051123,           0.0051123
                 355,           0.0062306,          0.00025421,          0.00035671,                   0,                   0,                   0,                   0,                   0,                   0,                   0,           0.0050985,           0.0050985,           0.0050985
                 356,            0.006313,           0.0002558,          0.00036353,                   0,                   0,                   0,                   0,                   0,                   0,                   0,           0.0050846,           0.0050846,           0.0050846
                 357,            0.006466,          0.00026697,          0.00036025,                   0,                   0,                   0,                   0,                   0,                   0,                   0,           0.0050708,           0.0050708,           0.0050708
                 358,           0.0065545,          0.00026251,          0.00036313,                   0,                   0,                   0,                   0,                   0,                   0,                   0,           0.0050569,           0.0050569,           0.0050569
                 359,           0.0067635,           0.0002727,          0.00035942,                   0,                   0,                   0,                   0,                   0,                   0,                   0,           0.0050431,           0.0050431,           0.0050431
                 360,           0.0067154,          0.00026655,          0.00035255,                   0,                   0,                   0,                   0,                   0,                   0,                   0,           0.0050292,           0.0050292,           0.0050292
                 361,           0.0067287,          0.00026562,          0.00036421,                   0,                   0,                   0,                   0,                   0,                   0,                   0,           0.0050154,           0.0050154,           0.0050154
                 362,           0.0068427,          0.00027544,          0.00037447,                   0,                   0,                   0,                   0,                   0,                   0,                   0,           0.0050015,           0.0050015,           0.0050015
                 363,           0.0065376,          0.00026451,           0.0003615,                   0,                   0,                   0,                   0,                   0,                   0,                   0,           0.0049877,           0.0049877,           0.0049877
                 364,           0.0065393,          0.00025929,          0.00036807,                   0,                   0,                   0,                   0,                   0,                   0,                   0,           0.0049738,           0.0049738,           0.0049738
                 365,           0.0062002,          0.00025115,          0.00036239,                   0,                   0,                   0,                   0,                   0,                   0,                   0,             0.00496,             0.00496,             0.00496
                 366,           0.0059643,          0.00024446,           0.0003701,                   0,                   0,                   0,                   0,                   0,                   0,                   0,           0.0049462,           0.0049462,           0.0049462
                 367,           0.0061468,          0.00025172,          0.00037271,                   0,                   0,                   0,                   0,                   0,                   0,                   0,           0.0049323,           0.0049323,           0.0049323
                 368,            0.006206,          0.00025185,          0.00036322,                   0,                   0,                   0,                   0,                   0,                   0,                   0,           0.0049185,           0.0049185,           0.0049185
                 369,           0.0059835,           0.0002482,          0.00042393,                   0,                   0,                   0,                   0,                   0,                   0,                   0,           0.0049046,           0.0049046,           0.0049046
                 370,           0.0061164,          0.00024525,          0.00038422,                   0,                   0,                   0,                   0,                   0,                   0,                   0,           0.0048908,           0.0048908,           0.0048908
                 371,           0.0060635,          0.00024542,          0.00036507,                   0,                   0,                   0,                   0,                   0,                   0,                   0,           0.0048769,           0.0048769,           0.0048769
                 372,           0.0058412,          0.00024153,          0.00035005,                   0,                   0,                   0,                   0,                   0,                   0,                   0,           0.0048631,           0.0048631,           0.0048631
                 373,           0.0058289,          0.00023999,           0.0003758,                   0,                   0,                   0,                   0,                   0,                   0,                   0,           0.0048492,           0.0048492,           0.0048492
                 374,           0.0061987,          0.00024338,           0.0003802,                   0,                   0,                   0,                   0,                   0,                   0,                   0,           0.0048354,           0.0048354,           0.0048354
                 375,           0.0058443,           0.0002458,          0.00045088,                   0,                   0,                   0,                   0,                   0,                   0,                   0,           0.0048215,           0.0048215,           0.0048215
                 376,           0.0058626,          0.00024176,           0.0003743,                   0,                   0,                   0,                   0,                   0,                   0,                   0,           0.0048077,           0.0048077,           0.0048077
                 377,           0.0057928,          0.00023668,          0.00036805,                   0,                   0,                   0,                   0,                   0,                   0,                   0,           0.0047938,           0.0047938,           0.0047938
                 378,           0.0057399,          0.00023406,          0.00037831,                   0,                   0,                   0,                   0,                   0,                   0,                   0,             0.00478,             0.00478,             0.00478
                 379,           0.0058501,          0.00023789,          0.00037794,                   0,                   0,                   0,                   0,                   0,                   0,                   0,           0.0047662,           0.0047662,           0.0047662
                 380,           0.0058795,          0.00024035,          0.00037066,                   0,                   0,                   0,                   0,                   0,                   0,                   0,           0.0047523,           0.0047523,           0.0047523
                 381,           0.0057117,          0.00023365,          0.00035568,                   0,                   0,                   0,                   0,                   0,                   0,                   0,           0.0047385,           0.0047385,           0.0047385
                 382,           0.0056918,          0.00023683,          0.00035331,                   0,                   0,                   0,                   0,                   0,                   0,                   0,           0.0047246,           0.0047246,           0.0047246
                 383,           0.0055561,          0.00023246,          0.00036377,                   0,                   0,                   0,                   0,                   0,                   0,                   0,           0.0047108,           0.0047108,           0.0047108
                 384,           0.0058526,          0.00023463,           0.0003592,                   0,                   0,                   0,                   0,                   0,                   0,                   0,           0.0046969,           0.0046969,           0.0046969
                 385,           0.0057075,          0.00023269,          0.00035857,                   0,                   0,                   0,                   0,                   0,                   0,                   0,           0.0046831,           0.0046831,           0.0046831
                 386,            0.005723,           0.0002339,          0.00037218,                   0,                   0,                   0,                   0,                   0,                   0,                   0,           0.0046692,           0.0046692,           0.0046692
                 387,           0.0059104,          0.00022975,          0.00039266,                   0,                   0,                   0,                   0,                   0,                   0,                   0,           0.0046554,           0.0046554,           0.0046554
                 388,           0.0056184,          0.00023205,          0.00036017,                   0,                   0,                   0,                   0,                   0,                   0,                   0,           0.0046415,           0.0046415,           0.0046415
                 389,           0.0056494,          0.00023344,          0.00038208,                   0,                   0,                   0,                   0,                   0,                   0,                   0,           0.0046277,           0.0046277,           0.0046277
                 390,           0.0055825,          0.00022851,          0.00034936,                   0,                   0,                   0,                   0,                   0,                   0,                   0,           0.0046138,           0.0046138,           0.0046138
                 391,           0.0060205,          0.00023547,          0.00037117,                   0,                   0,                   0,                   0,                   0,                   0,                   0,              0.0046,              0.0046,              0.0046
                 392,           0.0057917,           0.0002344,          0.00035919,                   0,                   0,                   0,                   0,                   0,                   0,                   0,           0.0045862,           0.0045862,           0.0045862
                 393,           0.0057408,          0.00023476,          0.00035377,                   0,                   0,                   0,                   0,                   0,                   0,                   0,           0.0045723,           0.0045723,           0.0045723
                 394,           0.0055363,           0.0002277,          0.00034743,                   0,                   0,                   0,                   0,                   0,                   0,                   0,           0.0045585,           0.0045585,           0.0045585
                 395,           0.0057893,          0.00023389,          0.00034792,                   0,                   0,                   0,                   0,                   0,                   0,                   0,           0.0045446,           0.0045446,           0.0045446
                 396,           0.0055479,          0.00022999,          0.00034362,                   0,                   0,                   0,                   0,                   0,                   0,                   0,           0.0045308,           0.0045308,           0.0045308
                 397,           0.0057442,          0.00023174,          0.00034449,                   0,                   0,                   0,                   0,                   0,                   0,                   0,           0.0045169,           0.0045169,           0.0045169
                 398,           0.0057036,          0.00023038,          0.00035575,                   0,                   0,                   0,                   0,                   0,                   0,                   0,           0.0045031,           0.0045031,           0.0045031
                 399,           0.0056995,          0.00023176,           0.0003497,                   0,                   0,                   0,                   0,                   0,                   0,                   0,           0.0044892,           0.0044892,           0.0044892
                 400,           0.0056603,          0.00022702,           0.0003873,                   0,                   0,                   0,                   0,                   0,                   0,                   0,           0.0044754,           0.0044754,           0.0044754
                 401,           0.0056035,          0.00023307,          0.00033468,                   0,                   0,                   0,                   0,                   0,                   0,                   0,           0.0044615,           0.0044615,           0.0044615
                 402,           0.0055016,          0.00022648,          0.00033795,                   0,                   0,                   0,                   0,                   0,                   0,                   0,           0.0044477,           0.0044477,           0.0044477
                 403,           0.0055145,          0.00022757,          0.00036605,                   0,                   0,                   0,                   0,                   0,                   0,                   0,           0.0044338,           0.0044338,           0.0044338
                 404,           0.0055648,          0.00022888,          0.00033843,                   0,                   0,                   0,                   0,                   0,                   0,                   0,             0.00442,             0.00442,             0.00442
                 405,           0.0056184,          0.00022801,          0.00034566,                   0,                   0,                   0,                   0,                   0,                   0,                   0,           0.0044062,           0.0044062,           0.0044062
                 406,           0.0057002,          0.00023208,          0.00034299,                   0,                   0,                   0,                   0,                   0,                   0,                   0,           0.0043923,           0.0043923,           0.0043923
                 407,           0.0055446,          0.00022563,           0.0003329,                   0,                   0,                   0,                   0,                   0,                   0,                   0,           0.0043785,           0.0043785,           0.0043785
                 408,           0.0057689,          0.00023692,          0.00033048,                   0,                   0,                   0,                   0,                   0,                   0,                   0,           0.0043646,           0.0043646,           0.0043646
                 409,           0.0056019,          0.00022338,          0.00036237,                   0,                   0,                   0,                   0,                   0,                   0,                   0,           0.0043508,           0.0043508,           0.0043508
                 410,            0.005678,          0.00022666,          0.00035469,                   0,                   0,                   0,                   0,                   0,                   0,                   0,           0.0043369,           0.0043369,           0.0043369
                 411,           0.0056214,          0.00022814,          0.00034424,                   0,                   0,                   0,                   0,                   0,                   0,                   0,           0.0043231,           0.0043231,           0.0043231
                 412,           0.0054478,          0.00022601,          0.00032887,                   0,                   0,                   0,                   0,                   0,                   0,                   0,           0.0043092,           0.0043092,           0.0043092
                 413,           0.0053512,          0.00022227,           0.0003456,                   0,                   0,                   0,                   0,                   0,                   0,                   0,           0.0042954,           0.0042954,           0.0042954
                 414,           0.0055079,          0.00022382,          0.00035595,                   0,                   0,                   0,                   0,                   0,                   0,                   0,           0.0042815,           0.0042815,           0.0042815
                 415,           0.0055281,          0.00022512,          0.00034545,                   0,                   0,                   0,                   0,                   0,                   0,                   0,           0.0042677,           0.0042677,           0.0042677
                 416,           0.0053584,          0.00022145,          0.00033747,                   0,                   0,                   0,                   0,                   0,                   0,                   0,           0.0042538,           0.0042538,           0.0042538
                 417,           0.0053847,          0.00021781,          0.00033952,                   0,                   0,                   0,                   0,                   0,                   0,                   0,             0.00424,             0.00424,             0.00424
                 418,           0.0054439,          0.00022126,          0.00033743,                   0,                   0,                   0,                   0,                   0,                   0,                   0,           0.0042262,           0.0042262,           0.0042262
                 419,           0.0053966,          0.00021875,          0.00034128,                   0,                   0,                   0,                   0,                   0,                   0,                   0,           0.0042123,           0.0042123,           0.0042123
                 420,           0.0052875,          0.00021742,          0.00034376,                   0,                   0,                   0,                   0,                   0,                   0,                   0,           0.0041985,           0.0041985,           0.0041985
                 421,           0.0052371,          0.00021795,          0.00033827,                   0,                   0,                   0,                   0,                   0,                   0,                   0,           0.0041846,           0.0041846,           0.0041846
                 422,           0.0052204,          0.00021633,          0.00032961,                   0,                   0,                   0,                   0,                   0,                   0,                   0,           0.0041708,           0.0041708,           0.0041708
                 423,           0.0053703,          0.00022338,          0.00033983,                   0,                   0,                   0,                   0,                   0,                   0,                   0,           0.0041569,           0.0041569,           0.0041569
                 424,           0.0054274,          0.00022151,          0.00036045,                   0,                   0,                   0,                   0,                   0,                   0,                   0,           0.0041431,           0.0041431,           0.0041431
                 425,           0.0053013,          0.00021681,          0.00033438,                   0,                   0,                   0,                   0,                   0,                   0,                   0,           0.0041292,           0.0041292,           0.0041292
                 426,           0.0052491,          0.00021943,          0.00032672,                   0,                   0,                   0,                   0,                   0,                   0,                   0,           0.0041154,           0.0041154,           0.0041154
                 427,           0.0053334,          0.00023066,          0.00032543,                   0,                   0,                   0,                   0,                   0,                   0,                   0,           0.0041015,           0.0041015,           0.0041015
                 428,           0.0052754,          0.00022506,          0.00032058,                   0,                   0,                   0,                   0,                   0,                   0,                   0,           0.0040877,           0.0040877,           0.0040877
                 429,           0.0053543,          0.00022136,          0.00033328,                   0,                   0,                   0,                   0,                   0,                   0,                   0,           0.0040738,           0.0040738,           0.0040738
                 430,           0.0053062,          0.00022057,          0.00033725,                   0,                   0,                   0,                   0,                   0,                   0,                   0,             0.00406,             0.00406,             0.00406
                 431,           0.0052841,          0.00021801,          0.00032645,                   0,                   0,                   0,                   0,                   0,                   0,                   0,           0.0040462,           0.0040462,           0.0040462
                 432,           0.0051781,          0.00021553,          0.00033763,                   0,                   0,                   0,                   0,                   0,                   0,                   0,           0.0040323,           0.0040323,           0.0040323
                 433,           0.0052016,          0.00021422,          0.00032699,                   0,                   0,                   0,                   0,                   0,                   0,                   0,           0.0040185,           0.0040185,           0.0040185
                 434,            0.005488,          0.00022244,           0.0003564,                   0,                   0,                   0,                   0,                   0,                   0,                   0,           0.0040046,           0.0040046,           0.0040046
                 435,           0.0052384,          0.00021761,           0.0003316,                   0,                   0,                   0,                   0,                   0,                   0,                   0,           0.0039908,           0.0039908,           0.0039908
                 436,           0.0052691,          0.00021514,          0.00032902,                   0,                   0,                   0,                   0,                   0,                   0,                   0,           0.0039769,           0.0039769,           0.0039769
                 437,           0.0054452,          0.00021439,          0.00034332,                   0,                   0,                   0,                   0,                   0,                   0,                   0,           0.0039631,           0.0039631,           0.0039631
                 438,           0.0052399,           0.0002166,          0.00033264,                   0,                   0,                   0,                   0,                   0,                   0,                   0,           0.0039492,           0.0039492,           0.0039492
                 439,           0.0051982,          0.00021054,          0.00033012,                   0,                   0,                   0,                   0,                   0,                   0,                   0,           0.0039354,           0.0039354,           0.0039354
                 440,           0.0052782,          0.00021624,          0.00032026,                   0,                   0,                   0,                   0,                   0,                   0,                   0,           0.0039215,           0.0039215,           0.0039215
                 441,           0.0053484,          0.00022249,          0.00031921,                   0,                   0,                   0,                   0,                   0,                   0,                   0,           0.0039077,           0.0039077,           0.0039077
                 442,           0.0053481,           0.0002202,          0.00031879,                   0,                   0,                   0,                   0,                   0,                   0,                   0,           0.0038938,           0.0038938,           0.0038938
                 443,           0.0052964,          0.00021827,          0.00031401,                   0,                   0,                   0,                   0,                   0,                   0,                   0,             0.00388,             0.00388,             0.00388
                 444,           0.0053129,          0.00021629,          0.00033739,                   0,                   0,                   0,                   0,                   0,                   0,                   0,           0.0038662,           0.0038662,           0.0038662
                 445,           0.0051405,          0.00020585,          0.00032314,                   0,                   0,                   0,                   0,                   0,                   0,                   0,           0.0038523,           0.0038523,           0.0038523
                 446,            0.005157,          0.00021302,          0.00033214,                   0,                   0,                   0,                   0,                   0,                   0,                   0,           0.0038385,           0.0038385,           0.0038385
                 447,            0.005196,          0.00021082,          0.00032913,                   0,                   0,                   0,                   0,                   0,                   0,                   0,           0.0038246,           0.0038246,           0.0038246
                 448,           0.0053011,          0.00020994,          0.00033659,                   0,                   0,                   0,                   0,                   0,                   0,                   0,           0.0038108,           0.0038108,           0.0038108
                 449,           0.0050401,          0.00020952,          0.00030615,                   0,                   0,                   0,                   0,                   0,                   0,                   0,           0.0037969,           0.0037969,           0.0037969
                 450,           0.0052362,          0.00021641,          0.00032788,                   0,                   0,                   0,                   0,                   0,                   0,                   0,           0.0037831,           0.0037831,           0.0037831
                 451,            0.004988,          0.00020493,          0.00031478,                   0,                   0,                   0,                   0,                   0,                   0,                   0,           0.0037692,           0.0037692,           0.0037692
                 452,           0.0051019,          0.00020684,          0.00032719,                   0,                   0,                   0,                   0,                   0,                   0,                   0,           0.0037554,           0.0037554,           0.0037554
                 453,           0.0051368,          0.00020715,          0.00033278,                   0,                   0,                   0,                   0,                   0,                   0,                   0,           0.0037415,           0.0037415,           0.0037415
                 454,           0.0049973,          0.00020657,          0.00031863,                   0,                   0,                   0,                   0,                   0,                   0,                   0,           0.0037277,           0.0037277,           0.0037277
                 455,            0.004772,          0.00020137,          0.00030625,                   0,                   0,                   0,                   0,                   0,                   0,                   0,           0.0037138,           0.0037138,           0.0037138
                 456,            0.004828,           0.0002022,          0.00030663,                   0,                   0,                   0,                   0,                   0,                   0,                   0,              0.0037,              0.0037,              0.0037
                 457,            0.004902,          0.00020311,          0.00030651,                   0,                   0,                   0,                   0,                   0,                   0,                   0,           0.0036862,           0.0036862,           0.0036862
                 458,           0.0050081,          0.00020739,          0.00032665,                   0,                   0,                   0,                   0,                   0,                   0,                   0,           0.0036723,           0.0036723,           0.0036723
                 459,           0.0048073,           0.0002042,          0.00030303,                   0,                   0,                   0,                   0,                   0,                   0,                   0,           0.0036585,           0.0036585,           0.0036585
                 460,            0.004972,          0.00020477,          0.00031791,                   0,                   0,                   0,                   0,                   0,                   0,                   0,           0.0036446,           0.0036446,           0.0036446
                 461,           0.0047456,          0.00020046,          0.00030411,                   0,                   0,                   0,                   0,                   0,                   0,                   0,           0.0036308,           0.0036308,           0.0036308
                 462,           0.0048023,           0.0002019,          0.00030515,                   0,                   0,                   0,                   0,                   0,                   0,                   0,           0.0036169,           0.0036169,           0.0036169
                 463,           0.0049991,          0.00020207,          0.00032714,                   0,                   0,                   0,                   0,                   0,                   0,                   0,           0.0036031,           0.0036031,           0.0036031
                 464,           0.0049735,          0.00020923,          0.00030496,                   0,                   0,                   0,                   0,                   0,                   0,                   0,           0.0035892,           0.0035892,           0.0035892
                 465,           0.0049305,          0.00020204,          0.00029787,                   0,                   0,                   0,                   0,                   0,                   0,                   0,           0.0035754,           0.0035754,           0.0035754
                 466,           0.0049702,          0.00020875,          0.00030231,                   0,                   0,                   0,                   0,                   0,                   0,                   0,           0.0035615,           0.0035615,           0.0035615
                 467,           0.0050805,          0.00020693,          0.00032032,                   0,                   0,                   0,                   0,                   0,                   0,                   0,           0.0035477,           0.0035477,           0.0035477
                 468,           0.0048904,          0.00020499,          0.00030547,                   0,                   0,                   0,                   0,                   0,                   0,                   0,           0.0035338,           0.0035338,           0.0035338
                 469,            0.004918,          0.00020322,          0.00030349,                   0,                   0,                   0,                   0,                   0,                   0,                   0,             0.00352,             0.00352,             0.00352
                 470,           0.0049785,          0.00020428,          0.00030255,                   0,                   0,                   0,                   0,                   0,                   0,                   0,           0.0035062,           0.0035062,           0.0035062
                 471,           0.0049024,          0.00020577,          0.00030812,                   0,                   0,                   0,                   0,                   0,                   0,                   0,           0.0034923,           0.0034923,           0.0034923
                 472,           0.0048856,          0.00020332,          0.00031521,                   0,                   0,                   0,                   0,                   0,                   0,                   0,           0.0034785,           0.0034785,           0.0034785
                 473,           0.0047008,          0.00019786,          0.00030253,                   0,                   0,                   0,                   0,                   0,                   0,                   0,           0.0034646,           0.0034646,           0.0034646
                 474,           0.0048064,          0.00020633,          0.00031025,                   0,                   0,                   0,                   0,                   0,                   0,                   0,           0.0034508,           0.0034508,           0.0034508
                 475,           0.0047229,          0.00019907,          0.00031197,                   0,                   0,                   0,                   0,                   0,                   0,                   0,           0.0034369,           0.0034369,           0.0034369
                 476,           0.0048182,          0.00020175,          0.00031614,                   0,                   0,                   0,                   0,                   0,                   0,                   0,           0.0034231,           0.0034231,           0.0034231
                 477,           0.0046475,          0.00019802,          0.00029482,                   0,                   0,                   0,                   0,                   0,                   0,                   0,           0.0034092,           0.0034092,           0.0034092
                 478,           0.0046835,          0.00019772,          0.00030916,                   0,                   0,                   0,                   0,                   0,                   0,                   0,           0.0033954,           0.0033954,           0.0033954
                 479,           0.0047724,          0.00020181,          0.00031632,                   0,                   0,                   0,                   0,                   0,                   0,                   0,           0.0033815,           0.0033815,           0.0033815
                 480,           0.0047784,          0.00019797,          0.00029975,                   0,                   0,                   0,                   0,                   0,                   0,                   0,           0.0033677,           0.0033677,           0.0033677
                 481,           0.0049009,          0.00020361,          0.00029673,                   0,                   0,                   0,                   0,                   0,                   0,                   0,           0.0033538,           0.0033538,           0.0033538
                 482,           0.0047748,          0.00020075,           0.0002919,                   0,                   0,                   0,                   0,                   0,                   0,                   0,             0.00334,             0.00334,             0.00334
                 483,           0.0048737,          0.00020057,           0.0003131,                   0,                   0,                   0,                   0,                   0,                   0,                   0,           0.0033262,           0.0033262,           0.0033262
                 484,           0.0048481,          0.00019936,          0.00030933,                   0,                   0,                   0,                   0,                   0,                   0,                   0,           0.0033123,           0.0033123,           0.0033123
                 485,           0.0046942,          0.00019692,          0.00029396,                   0,                   0,                   0,                   0,                   0,                   0,                   0,           0.0032985,           0.0032985,           0.0032985
                 486,           0.0047582,          0.00019831,          0.00029578,                   0,                   0,                   0,                   0,                   0,                   0,                   0,           0.0032846,           0.0032846,           0.0032846
                 487,           0.0045506,          0.00019547,          0.00028986,                   0,                   0,                   0,                   0,                   0,                   0,                   0,           0.0032708,           0.0032708,           0.0032708
                 488,           0.0046332,          0.00019785,          0.00029212,                   0,                   0,                   0,                   0,                   0,                   0,                   0,           0.0032569,           0.0032569,           0.0032569
                 489,           0.0047219,          0.00019562,          0.00029665,                   0,                   0,                   0,                   0,                   0,                   0,                   0,           0.0032431,           0.0032431,           0.0032431
                 490,           0.0046353,          0.00019545,          0.00029667,                   0,                   0,                   0,                   0,                   0,                   0,                   0,           0.0032292,           0.0032292,           0.0032292
                 491,           0.0045555,          0.00019318,          0.00029249,                   0,                   0,                   0,                   0,                   0,                   0,                   0,           0.0032154,           0.0032154,           0.0032154
                 492,           0.0045734,          0.00019439,          0.00029256,                   0,                   0,                   0,                   0,                   0,                   0,                   0,           0.0032015,           0.0032015,           0.0032015
                 493,           0.0044967,          0.00019016,          0.00029867,                   0,                   0,                   0,                   0,                   0,                   0,                   0,           0.0031877,           0.0031877,           0.0031877
                 494,           0.0044969,          0.00018894,          0.00029575,                   0,                   0,                   0,                   0,                   0,                   0,                   0,           0.0031738,           0.0031738,           0.0031738
                 495,           0.0044436,          0.00019025,          0.00029087,                   0,                   0,                   0,                   0,                   0,                   0,                   0,             0.00316,             0.00316,             0.00316
                 496,           0.0044852,          0.00018985,          0.00029233,                   0,                   0,                   0,                   0,                   0,                   0,                   0,           0.0031462,           0.0031462,           0.0031462
                 497,           0.0045909,          0.00019171,          0.00030566,                   0,                   0,                   0,                   0,                   0,                   0,                   0,           0.0031323,           0.0031323,           0.0031323
                 498,           0.0044118,          0.00018784,          0.00027691,                   0,                   0,                   0,                   0,                   0,                   0,                   0,           0.0031185,           0.0031185,           0.0031185
                 499,           0.0045136,          0.00018946,          0.00029172,                   0,                   0,                   0,                   0,                   0,                   0,                   0,           0.0031046,           0.0031046,           0.0031046
                 500,           0.0044192,          0.00019055,          0.00028901,                   0,                   0,                   0,                   0,                   0,                   0,                   0,           0.0030908,           0.0030908,           0.0030908
                 501,            0.004444,          0.00019118,          0.00029521,                   0,                   0,                   0,                   0,                   0,                   0,                   0,           0.0030769,           0.0030769,           0.0030769
                 502,           0.0042933,          0.00018639,          0.00026545,                   0,                   0,                   0,                   0,                   0,                   0,                   0,           0.0030631,           0.0030631,           0.0030631
                 503,           0.0044075,          0.00018729,          0.00029063,                   0,                   0,                   0,                   0,                   0,                   0,                   0,           0.0030492,           0.0030492,           0.0030492
                 504,           0.0043952,          0.00018864,          0.00029101,                   0,                   0,                   0,                   0,                   0,                   0,                   0,           0.0030354,           0.0030354,           0.0030354
                 505,           0.0044023,          0.00018748,           0.0002788,                   0,                   0,                   0,                   0,                   0,                   0,                   0,           0.0030215,           0.0030215,           0.0030215
                 506,           0.0044161,          0.00018913,          0.00028661,                   0,                   0,                   0,                   0,                   0,                   0,                   0,           0.0030077,           0.0030077,           0.0030077
                 507,           0.0044806,          0.00019107,          0.00028553,                   0,                   0,                   0,                   0,                   0,                   0,                   0,           0.0029938,           0.0029938,           0.0029938
                 508,           0.0044369,          0.00018828,           0.0002865,                   0,                   0,                   0,                   0,                   0,                   0,                   0,             0.00298,             0.00298,             0.00298
                 509,           0.0042425,          0.00018549,          0.00027878,                   0,                   0,                   0,                   0,                   0,                   0,                   0,           0.0029662,           0.0029662,           0.0029662
                 510,           0.0044165,          0.00018782,          0.00027928,                   0,                   0,                   0,                   0,                   0,                   0,                   0,           0.0029523,           0.0029523,           0.0029523
                 511,           0.0042544,          0.00018263,          0.00027197,                   0,                   0,                   0,                   0,                   0,                   0,                   0,           0.0029385,           0.0029385,           0.0029385
                 512,           0.0042073,          0.00018723,           0.0002696,                   0,                   0,                   0,                   0,                   0,                   0,                   0,           0.0029246,           0.0029246,           0.0029246
                 513,           0.0041959,          0.00018251,          0.00026841,                   0,                   0,                   0,                   0,                   0,                   0,                   0,           0.0029108,           0.0029108,           0.0029108
                 514,           0.0042762,           0.0001833,          0.00028385,                   0,                   0,                   0,                   0,                   0,                   0,                   0,           0.0028969,           0.0028969,           0.0028969
                 515,           0.0042189,          0.00018291,          0.00027576,                   0,                   0,                   0,                   0,                   0,                   0,                   0,           0.0028831,           0.0028831,           0.0028831
                 516,           0.0042355,          0.00018459,          0.00027607,                   0,                   0,                   0,                   0,                   0,                   0,                   0,           0.0028692,           0.0028692,           0.0028692
                 517,           0.0041562,          0.00018308,           0.0002637,                   0,                   0,                   0,                   0,                   0,                   0,                   0,           0.0028554,           0.0028554,           0.0028554
                 518,            0.004281,          0.00018261,          0.00027146,                   0,                   0,                   0,                   0,                   0,                   0,                   0,           0.0028415,           0.0028415,           0.0028415
                 519,           0.0042139,          0.00018422,          0.00026503,                   0,                   0,                   0,                   0,                   0,                   0,                   0,           0.0028277,           0.0028277,           0.0028277
                 520,           0.0042341,          0.00018075,          0.00027771,                   0,                   0,                   0,                   0,                   0,                   0,                   0,           0.0028138,           0.0028138,           0.0028138
                 521,            0.004254,          0.00018131,          0.00027205,                   0,                   0,                   0,                   0,                   0,                   0,                   0,              0.0028,              0.0028,              0.0028
                 522,           0.0041295,          0.00017969,          0.00028421,                   0,                   0,                   0,                   0,                   0,                   0,                   0,           0.0027862,           0.0027862,           0.0027862
                 523,           0.0041871,          0.00017849,           0.0002687,                   0,                   0,                   0,                   0,                   0,                   0,                   0,           0.0027723,           0.0027723,           0.0027723
                 524,           0.0042908,          0.00018155,          0.00028479,                   0,                   0,                   0,                   0,                   0,                   0,                   0,           0.0027585,           0.0027585,           0.0027585
                 525,           0.0041658,          0.00018139,          0.00027179,                   0,                   0,                   0,                   0,                   0,                   0,                   0,           0.0027446,           0.0027446,           0.0027446
                 526,           0.0041571,          0.00017791,          0.00026626,                   0,                   0,                   0,                   0,                   0,                   0,                   0,           0.0027308,           0.0027308,           0.0027308
                 527,           0.0041536,          0.00018211,           0.0002762,                   0,                   0,                   0,                   0,                   0,                   0,                   0,           0.0027169,           0.0027169,           0.0027169
                 528,            0.004278,          0.00017894,          0.00027813,                   0,                   0,                   0,                   0,                   0,                   0,                   0,           0.0027031,           0.0027031,           0.0027031
                 529,           0.0041766,          0.00017986,          0.00027362,                   0,                   0,                   0,                   0,                   0,                   0,                   0,           0.0026892,           0.0026892,           0.0026892
                 530,            0.004055,          0.00017833,           0.0002695,                   0,                   0,                   0,                   0,                   0,                   0,                   0,           0.0026754,           0.0026754,           0.0026754
                 531,           0.0039908,          0.00017603,          0.00025755,                   0,                   0,                   0,                   0,                   0,                   0,                   0,           0.0026615,           0.0026615,           0.0026615
                 532,           0.0039222,          0.00017427,          0.00026036,                   0,                   0,                   0,                   0,                   0,                   0,                   0,           0.0026477,           0.0026477,           0.0026477
                 533,           0.0039004,          0.00017612,          0.00026385,                   0,                   0,                   0,                   0,                   0,                   0,                   0,           0.0026338,           0.0026338,           0.0026338
                 534,           0.0040329,          0.00017554,          0.00026155,                   0,                   0,                   0,                   0,                   0,                   0,                   0,             0.00262,             0.00262,             0.00262
                 535,           0.0040306,          0.00017645,          0.00026224,                   0,                   0,                   0,                   0,                   0,                   0,                   0,           0.0026062,           0.0026062,           0.0026062
                 536,           0.0039216,          0.00017147,           0.0002572,                   0,                   0,                   0,                   0,                   0,                   0,                   0,           0.0025923,           0.0025923,           0.0025923
                 537,           0.0040193,          0.00017408,          0.00026361,                   0,                   0,                   0,                   0,                   0,                   0,                   0,           0.0025785,           0.0025785,           0.0025785
                 538,           0.0039393,          0.00017533,          0.00026214,                   0,                   0,                   0,                   0,                   0,                   0,                   0,           0.0025646,           0.0025646,           0.0025646
                 539,           0.0039343,           0.0001744,          0.00026587,                   0,                   0,                   0,                   0,                   0,                   0,                   0,           0.0025508,           0.0025508,           0.0025508
                 540,           0.0038384,           0.0001738,          0.00025905,                   0,                   0,                   0,                   0,                   0,                   0,                   0,           0.0025369,           0.0025369,           0.0025369
                 541,           0.0039028,          0.00017118,          0.00026521,                   0,                   0,                   0,                   0,                   0,                   0,                   0,           0.0025231,           0.0025231,           0.0025231
                 542,           0.0038886,           0.0001701,          0.00025771,                   0,                   0,                   0,                   0,                   0,                   0,                   0,           0.0025092,           0.0025092,           0.0025092
                 543,           0.0039886,          0.00017294,          0.00026028,                   0,                   0,                   0,                   0,                   0,                   0,                   0,           0.0024954,           0.0024954,           0.0024954
                 544,           0.0039983,          0.00017179,          0.00025835,                   0,                   0,                   0,                   0,                   0,                   0,                   0,           0.0024815,           0.0024815,           0.0024815
                 545,           0.0039108,          0.00017148,          0.00025903,                   0,                   0,                   0,                   0,                   0,                   0,                   0,           0.0024677,           0.0024677,           0.0024677
                 546,           0.0038558,           0.0001716,          0.00025045,                   0,                   0,                   0,                   0,                   0,                   0,                   0,           0.0024538,           0.0024538,           0.0024538
                 547,           0.0039827,          0.00017385,          0.00025295,                   0,                   0,                   0,                   0,                   0,                   0,                   0,             0.00244,             0.00244,             0.00244
                 548,           0.0038105,          0.00016999,          0.00024871,                   0,                   0,                   0,                   0,                   0,                   0,                   0,           0.0024262,           0.0024262,           0.0024262
                 549,           0.0038043,          0.00016985,          0.00024485,                   0,                   0,                   0,                   0,                   0,                   0,                   0,           0.0024123,           0.0024123,           0.0024123
                 550,           0.0037503,          0.00016955,          0.00024999,                   0,                   0,                   0,                   0,                   0,                   0,                   0,           0.0023985,           0.0023985,           0.0023985
                 551,           0.0037496,          0.00016947,           0.0002574,                   0,                   0,                   0,                   0,                   0,                   0,                   0,           0.0023846,           0.0023846,           0.0023846
                 552,           0.0037896,          0.00016923,          0.00027801,                   0,                   0,                   0,                   0,                   0,                   0,                   0,           0.0023708,           0.0023708,           0.0023708
                 553,           0.0039526,          0.00017271,          0.00025578,                   0,                   0,                   0,                   0,                   0,                   0,                   0,           0.0023569,           0.0023569,           0.0023569
                 554,           0.0036968,          0.00016763,          0.00025015,                   0,                   0,                   0,                   0,                   0,                   0,                   0,           0.0023431,           0.0023431,           0.0023431
                 555,           0.0037285,          0.00016797,          0.00025339,                   0,                   0,                   0,                   0,                   0,                   0,                   0,           0.0023292,           0.0023292,           0.0023292
                 556,           0.0035301,          0.00016551,          0.00023492,                   0,                   0,                   0,                   0,                   0,                   0,                   0,           0.0023154,           0.0023154,           0.0023154
                 557,           0.0035937,           0.0001649,          0.00024631,                   0,                   0,                   0,                   0,                   0,                   0,                   0,           0.0023015,           0.0023015,           0.0023015
                 558,           0.0037023,          0.00016469,          0.00024714,                   0,                   0,                   0,                   0,                   0,                   0,                   0,           0.0022877,           0.0022877,           0.0022877
                 559,           0.0036648,           0.0001651,           0.0002414,                   0,                   0,                   0,                   0,                   0,                   0,                   0,           0.0022738,           0.0022738,           0.0022738
                 560,           0.0036064,          0.00016371,          0.00023622,                   0,                   0,                   0,                   0,                   0,                   0,                   0,             0.00226,             0.00226,             0.00226
                 561,           0.0036347,          0.00016313,           0.0002419,                   0,                   0,                   0,                   0,                   0,                   0,                   0,           0.0022462,           0.0022462,           0.0022462
                 562,           0.0036491,          0.00016678,          0.00023998,                   0,                   0,                   0,                   0,                   0,                   0,                   0,           0.0022323,           0.0022323,           0.0022323
                 563,            0.003509,          0.00016143,          0.00023238,                   0,                   0,                   0,                   0,                   0,                   0,                   0,           0.0022185,           0.0022185,           0.0022185
                 564,           0.0036857,          0.00016447,          0.00023716,                   0,                   0,                   0,                   0,                   0,                   0,                   0,           0.0022046,           0.0022046,           0.0022046
                 565,            0.003619,          0.00016262,          0.00023366,                   0,                   0,                   0,                   0,                   0,                   0,                   0,           0.0021908,           0.0021908,           0.0021908
                 566,           0.0036039,          0.00016316,          0.00024321,                   0,                   0,                   0,                   0,                   0,                   0,                   0,           0.0021769,           0.0021769,           0.0021769
                 567,           0.0033972,          0.00016033,          0.00022749,                   0,                   0,                   0,                   0,                   0,                   0,                   0,           0.0021631,           0.0021631,           0.0021631
                 568,           0.0035833,          0.00016054,          0.00024651,                   0,                   0,                   0,                   0,                   0,                   0,                   0,           0.0021492,           0.0021492,           0.0021492
                 569,           0.0035064,          0.00016064,          0.00023875,                   0,                   0,                   0,                   0,                   0,                   0,                   0,           0.0021354,           0.0021354,           0.0021354
                 570,           0.0034748,          0.00015965,          0.00023484,                   0,                   0,                   0,                   0,                   0,                   0,                   0,           0.0021215,           0.0021215,           0.0021215
                 571,           0.0034665,          0.00015913,          0.00023169,                   0,                   0,                   0,                   0,                   0,                   0,                   0,           0.0021077,           0.0021077,           0.0021077
                 572,           0.0034214,          0.00015907,          0.00023302,                   0,                   0,                   0,                   0,                   0,                   0,                   0,           0.0020938,           0.0020938,           0.0020938
                 573,           0.0033613,          0.00015591,          0.00022203,                   0,                   0,                   0,                   0,                   0,                   0,                   0,             0.00208,             0.00208,             0.00208
                 574,            0.003446,           0.0001581,          0.00024072,                   0,                   0,                   0,                   0,                   0,                   0,                   0,           0.0020662,           0.0020662,           0.0020662
                 575,           0.0033427,          0.00015597,          0.00022541,                   0,                   0,                   0,                   0,                   0,                   0,                   0,           0.0020523,           0.0020523,           0.0020523
                 576,           0.0034309,          0.00015672,          0.00023007,                   0,                   0,                   0,                   0,                   0,                   0,                   0,           0.0020385,           0.0020385,           0.0020385
                 577,           0.0035216,          0.00015827,          0.00023565,                   0,                   0,                   0,                   0,                   0,                   0,                   0,           0.0020246,           0.0020246,           0.0020246
                 578,           0.0032295,          0.00015539,          0.00021524,                   0,                   0,                   0,                   0,                   0,                   0,                   0,           0.0020108,           0.0020108,           0.0020108
                 579,           0.0033469,          0.00015582,          0.00022595,                   0,                   0,                   0,                   0,                   0,                   0,                   0,           0.0019969,           0.0019969,           0.0019969
                 580,           0.0033367,          0.00015388,          0.00022243,                   0,                   0,                   0,                   0,                   0,                   0,                   0,           0.0019831,           0.0019831,           0.0019831
                 581,           0.0033638,          0.00015496,          0.00022869,                   0,                   0,                   0,                   0,                   0,                   0,                   0,           0.0019692,           0.0019692,           0.0019692
                 582,           0.0033164,          0.00015496,          0.00022709,                   0,                   0,                   0,                   0,                   0,                   0,                   0,           0.0019554,           0.0019554,           0.0019554
                 583,           0.0032849,          0.00015353,          0.00022416,                   0,                   0,                   0,                   0,                   0,                   0,                   0,           0.0019415,           0.0019415,           0.0019415
                 584,           0.0032039,          0.00015197,          0.00022136,                   0,                   0,                   0,                   0,                   0,                   0,                   0,           0.0019277,           0.0019277,           0.0019277
                 585,           0.0031894,          0.00015266,          0.00021592,                   0,                   0,                   0,                   0,                   0,                   0,                   0,           0.0019138,           0.0019138,           0.0019138
                 586,           0.0032952,          0.00015303,          0.00022199,                   0,                   0,                   0,                   0,                   0,                   0,                   0,              0.0019,              0.0019,              0.0019
                 587,           0.0031841,          0.00015047,          0.00021435,                   0,                   0,                   0,                   0,                   0,                   0,                   0,           0.0018862,           0.0018862,           0.0018862
                 588,           0.0031654,          0.00015083,           0.0002075,                   0,                   0,                   0,                   0,                   0,                   0,                   0,           0.0018723,           0.0018723,           0.0018723
                 589,           0.0031525,          0.00014978,          0.00021862,                   0,                   0,                   0,                   0,                   0,                   0,                   0,           0.0018585,           0.0018585,           0.0018585
                 590,           0.0031337,          0.00015009,          0.00022138,                   0,                   0,                   0,                   0,                   0,                   0,                   0,           0.0018446,           0.0018446,           0.0018446
                 591,           0.0031256,          0.00015057,          0.00021696,                   0,                   0,                   0,                   0,                   0,                   0,                   0,           0.0018308,           0.0018308,           0.0018308
                 592,           0.0031746,            0.000151,          0.00021603,                   0,                   0,                   0,                   0,                   0,                   0,                   0,           0.0018169,           0.0018169,           0.0018169
                 593,           0.0030719,          0.00014803,          0.00021634,                   0,                   0,                   0,                   0,                   0,                   0,                   0,           0.0018031,           0.0018031,           0.0018031
                 594,           0.0031091,          0.00014779,          0.00021626,                   0,                   0,                   0,                   0,                   0,                   0,                   0,           0.0017892,           0.0017892,           0.0017892
                 595,           0.0030718,           0.0001475,          0.00021968,                   0,                   0,                   0,                   0,                   0,                   0,                   0,           0.0017754,           0.0017754,           0.0017754
                 596,           0.0030357,          0.00014815,          0.00021104,                   0,                   0,                   0,                   0,                   0,                   0,                   0,           0.0017615,           0.0017615,           0.0017615
                 597,           0.0031127,          0.00014758,          0.00020896,                   0,                   0,                   0,                   0,                   0,                   0,                   0,           0.0017477,           0.0017477,           0.0017477
                 598,           0.0031258,          0.00014768,          0.00021655,                   0,                   0,                   0,                   0,                   0,                   0,                   0,           0.0017338,           0.0017338,           0.0017338
                 599,           0.0031121,          0.00014817,          0.00021068,                   0,                   0,                   0,                   0,                   0,                   0,                   0,             0.00172,             0.00172,             0.00172
                 600,           0.0030921,          0.00014817,          0.00021406,                   0,                   0,                   0,                   0,                   0,                   0,                   0,           0.0017062,           0.0017062,           0.0017062
                 601,           0.0030248,          0.00014724,          0.00020234,                   0,                   0,                   0,                   0,                   0,                   0,                   0,           0.0016923,           0.0016923,           0.0016923
                 602,           0.0030418,          0.00014596,           0.0002057,                   0,                   0,                   0,                   0,                   0,                   0,                   0,           0.0016785,           0.0016785,           0.0016785
                 603,           0.0031081,          0.00014597,           0.0002158,                   0,                   0,                   0,                   0,                   0,                   0,                   0,           0.0016646,           0.0016646,           0.0016646
                 604,           0.0029642,          0.00014378,          0.00020492,                   0,                   0,                   0,                   0,                   0,                   0,                   0,           0.0016508,           0.0016508,           0.0016508
                 605,           0.0029303,          0.00014396,          0.00020477,                   0,                   0,                   0,                   0,                   0,                   0,                   0,           0.0016369,           0.0016369,           0.0016369
                 606,           0.0029894,          0.00014372,          0.00020323,                   0,                   0,                   0,                   0,                   0,                   0,                   0,           0.0016231,           0.0016231,           0.0016231
                 607,           0.0029028,          0.00014412,          0.00020566,                   0,                   0,                   0,                   0,                   0,                   0,                   0,           0.0016092,           0.0016092,           0.0016092
                 608,           0.0029084,          0.00014293,          0.00019669,                   0,                   0,                   0,                   0,                   0,                   0,                   0,           0.0015954,           0.0015954,           0.0015954
                 609,           0.0029113,          0.00014242,          0.00019972,                   0,                   0,                   0,                   0,                   0,                   0,                   0,           0.0015815,           0.0015815,           0.0015815
                 610,           0.0028189,           0.0001415,          0.00019514,                   0,                   0,                   0,                   0,                   0,                   0,                   0,           0.0015677,           0.0015677,           0.0015677
                 611,           0.0028647,          0.00014187,          0.00019774,                   0,                   0,                   0,                   0,                   0,                   0,                   0,           0.0015538,           0.0015538,           0.0015538
                 612,           0.0028587,          0.00014026,          0.00019716,                   0,                   0,                   0,                   0,                   0,                   0,                   0,             0.00154,             0.00154,             0.00154
                 613,           0.0028228,          0.00014239,          0.00019687,                   0,                   0,                   0,                   0,                   0,                   0,                   0,           0.0015262,           0.0015262,           0.0015262
                 614,           0.0027939,          0.00013964,          0.00018913,                   0,                   0,                   0,                   0,                   0,                   0,                   0,           0.0015123,           0.0015123,           0.0015123
                 615,           0.0028055,           0.0001404,          0.00019428,                   0,                   0,                   0,                   0,                   0,                   0,                   0,           0.0014985,           0.0014985,           0.0014985
                 616,           0.0027167,          0.00013714,          0.00018564,                   0,                   0,                   0,                   0,                   0,                   0,                   0,           0.0014846,           0.0014846,           0.0014846
                 617,            0.002754,          0.00013776,          0.00018951,                   0,                   0,                   0,                   0,                   0,                   0,                   0,           0.0014708,           0.0014708,           0.0014708
                 618,           0.0026988,          0.00013665,          0.00019084,                   0,                   0,                   0,                   0,                   0,                   0,                   0,           0.0014569,           0.0014569,           0.0014569
                 619,           0.0027092,          0.00013714,          0.00018795,                   0,                   0,                   0,                   0,                   0,                   0,                   0,           0.0014431,           0.0014431,           0.0014431
                 620,           0.0026855,          0.00013722,          0.00018649,                   0,                   0,                   0,                   0,                   0,                   0,                   0,           0.0014292,           0.0014292,           0.0014292
                 621,           0.0026746,          0.00013727,          0.00018658,                   0,                   0,                   0,                   0,                   0,                   0,                   0,           0.0014154,           0.0014154,           0.0014154
                 622,           0.0025467,          0.00013464,          0.00017933,                   0,                   0,                   0,                   0,                   0,                   0,                   0,           0.0014015,           0.0014015,           0.0014015
                 623,           0.0025711,          0.00013289,          0.00018113,                   0,                   0,                   0,                   0,                   0,                   0,                   0,           0.0013877,           0.0013877,           0.0013877
                 624,           0.0025415,          0.00013456,          0.00017629,                   0,                   0,                   0,                   0,                   0,                   0,                   0,           0.0013738,           0.0013738,           0.0013738
                 625,           0.0026234,          0.00013479,          0.00018014,                   0,                   0,                   0,                   0,                   0,                   0,                   0,             0.00136,             0.00136,             0.00136
                 626,            0.002584,           0.0001327,          0.00017527,                   0,                   0,                   0,                   0,                   0,                   0,                   0,           0.0013462,           0.0013462,           0.0013462
                 627,           0.0025021,          0.00013159,          0.00017384,                   0,                   0,                   0,                   0,                   0,                   0,                   0,           0.0013323,           0.0013323,           0.0013323
                 628,           0.0024917,          0.00013095,          0.00017018,                   0,                   0,                   0,                   0,                   0,                   0,                   0,           0.0013185,           0.0013185,           0.0013185
                 629,           0.0025361,          0.00013222,          0.00017547,                   0,                   0,                   0,                   0,                   0,                   0,                   0,           0.0013046,           0.0013046,           0.0013046
                 630,           0.0024661,           0.0001304,          0.00017177,                   0,                   0,                   0,                   0,                   0,                   0,                   0,           0.0012908,           0.0012908,           0.0012908
                 631,           0.0024907,          0.00013098,          0.00017633,                   0,                   0,                   0,                   0,                   0,                   0,                   0,           0.0012769,           0.0012769,           0.0012769
                 632,           0.0024183,          0.00013002,          0.00017369,                   0,                   0,                   0,                   0,                   0,                   0,                   0,           0.0012631,           0.0012631,           0.0012631
                 633,           0.0023825,           0.0001291,          0.00016882,                   0,                   0,                   0,                   0,                   0,                   0,                   0,           0.0012492,           0.0012492,           0.0012492
                 634,            0.002451,          0.00012865,          0.00017258,                   0,                   0,                   0,                   0,                   0,                   0,                   0,           0.0012354,           0.0012354,           0.0012354
                 635,           0.0023438,          0.00012832,          0.00017016,                   0,                   0,                   0,                   0,                   0,                   0,                   0,           0.0012215,           0.0012215,           0.0012215
                 636,           0.0023844,          0.00012794,          0.00016989,                   0,                   0,                   0,                   0,                   0,                   0,                   0,           0.0012077,           0.0012077,           0.0012077
                 637,            0.002343,          0.00012738,          0.00016849,                   0,                   0,                   0,                   0,                   0,                   0,                   0,           0.0011938,           0.0011938,           0.0011938
                 638,           0.0022688,          0.00012776,          0.00016372,                   0,                   0,                   0,                   0,                   0,                   0,                   0,             0.00118,             0.00118,             0.00118
                 639,           0.0023842,          0.00012778,          0.00016653,                   0,                   0,                   0,                   0,                   0,                   0,                   0,           0.0011662,           0.0011662,           0.0011662
                 640,           0.0023122,          0.00012735,          0.00016238,                   0,                   0,                   0,                   0,                   0,                   0,                   0,           0.0011523,           0.0011523,           0.0011523
                 641,           0.0022914,          0.00012567,          0.00016041,                   0,                   0,                   0,                   0,                   0,                   0,                   0,           0.0011385,           0.0011385,           0.0011385
                 642,           0.0022528,          0.00012492,          0.00016007,                   0,                   0,                   0,                   0,                   0,                   0,                   0,           0.0011246,           0.0011246,           0.0011246
                 643,           0.0022552,            0.000124,          0.00016216,                   0,                   0,                   0,                   0,                   0,                   0,                   0,           0.0011108,           0.0011108,           0.0011108
                 644,           0.0022026,           0.0001242,          0.00015823,                   0,                   0,                   0,                   0,                   0,                   0,                   0,           0.0010969,           0.0010969,           0.0010969
                 645,           0.0021889,          0.00012374,          0.00015472,                   0,                   0,                   0,                   0,                   0,                   0,                   0,           0.0010831,           0.0010831,           0.0010831
                 646,           0.0021419,          0.00012259,          0.00014984,                   0,                   0,                   0,                   0,                   0,                   0,                   0,           0.0010692,           0.0010692,           0.0010692
                 647,           0.0021518,          0.00012279,          0.00015583,                   0,                   0,                   0,                   0,                   0,                   0,                   0,           0.0010554,           0.0010554,           0.0010554
                 648,           0.0021279,          0.00012173,          0.00015517,                   0,                   0,                   0,                   0,                   0,                   0,                   0,           0.0010415,           0.0010415,           0.0010415
                 649,           0.0021352,          0.00012263,           0.0001516,                   0,                   0,                   0,                   0,            0.094289,           0.0015381,            0.042836,           0.0010277,           0.0010277,           0.0010277
                   0,            0.057247,           0.0059025,            0.019323,                   0,                   0,                   0,                   0,                   0,                   0,                   0,            0.070136,           0.0033182,           0.0033182
                   1,            0.033523,           0.0042078,           0.0087078,                   0,                   0,                   0,                   0,                   0,                   0,                   0,            0.040127,           0.0066423,           0.0066423
                   2,            0.032107,           0.0035782,           0.0051107,                   0,                   0,                   0,                   0,                   0,                   0,                   0,            0.010109,           0.0099572,           0.0099572
                   3,            0.031146,           0.0030249,           0.0036281,                   0,                   0,                   0,                   0,                   0,                   0,                   0,           0.0099585,           0.0099585,           0.0099585
                   4,            0.027271,           0.0026869,           0.0025858,                   0,                   0,                   0,                   0,                   0,                   0,                   0,           0.0099585,           0.0099585,           0.0099585
                   5,            0.024703,           0.0023535,           0.0019536,                   0,                   0,                   0,                   0,                   0,                   0,                   0,           0.0099446,           0.0099446,           0.0099446
                   6,            0.023181,           0.0020596,           0.0017376,                   0,                   0,                   0,                   0,                   0,                   0,                   0,           0.0099308,           0.0099308,           0.0099308
                   7,            0.022316,             0.00184,            0.001415,                   0,                   0,                   0,                   0,                   0,                   0,                   0,           0.0099169,           0.0099169,           0.0099169
                   8,            0.021516,           0.0017049,           0.0014236,                   0,                   0,                   0,                   0,                   0,                   0,                   0,           0.0099031,           0.0099031,           0.0099031
                   9,            0.020536,           0.0014897,           0.0010716,                   0,                   0,                   0,                   0,                   0,                   0,                   0,           0.0098892,           0.0098892,           0.0098892
                  10,            0.020131,           0.0014158,           0.0010907,                   0,                   0,                   0,                   0,                   0,                   0,                   0,           0.0098754,           0.0098754,           0.0098754
                  11,            0.019789,           0.0013547,           0.0010313,                   0,                   0,                   0,                   0,                   0,                   0,                   0,           0.0098615,           0.0098615,           0.0098615
                  12,            0.019357,           0.0012658,          0.00093801,                   0,                   0,                   0,                   0,                   0,                   0,                   0,           0.0098477,           0.0098477,           0.0098477
                  13,            0.019407,           0.0012771,           0.0012591,                   0,                   0,                   0,                   0,                   0,                   0,                   0,           0.0098338,           0.0098338,           0.0098338
                  14,            0.018286,           0.0011803,          0.00084251,                   0,                   0,                   0,                   0,                   0,                   0,                   0,             0.00982,             0.00982,             0.00982
                  15,             0.01891,           0.0011368,          0.00090174,                   0,                   0,                   0,                   0,                   0,                   0,                   0,           0.0098062,           0.0098062,           0.0098062
                  16,            0.018221,           0.0011222,          0.00081751,                   0,                   0,                   0,                   0,                   0,                   0,                   0,           0.0097923,           0.0097923,           0.0097923
                  17,            0.018261,           0.0010912,          0.00075509,                   0,                   0,                   0,                   0,                   0,                   0,                   0,           0.0097785,           0.0097785,           0.0097785
                  18,            0.017691,           0.0010943,          0.00079151,                   0,                   0,                   0,                   0,                   0,                   0,                   0,           0.0097646,           0.0097646,           0.0097646
                  19,            0.017679,           0.0010648,          0.00081653,                   0,                   0,                   0,                   0,                   0,                   0,                   0,           0.0097508,           0.0097508,           0.0097508
                  20,            0.017684,            0.001022,           0.0006634,                   0,                   0,                   0,                   0,                   0,                   0,                   0,           0.0097369,           0.0097369,           0.0097369
                  21,            0.017633,           0.0010333,          0.00086868,                   0,                   0,                   0,                   0,                   0,                   0,                   0,           0.0097231,           0.0097231,           0.0097231
                  22,            0.017099,           0.0010079,          0.00071961,                   0,                   0,                   0,                   0,                   0,                   0,                   0,           0.0097092,           0.0097092,           0.0097092
                  23,            0.016818,          0.00099223,           0.0008002,                   0,                   0,                   0,                   0,                   0,                   0,                   0,           0.0096954,           0.0096954,           0.0096954
                  24,            0.016729,          0.00097542,          0.00061136,                   0,                   0,                   0,                   0,                   0,                   0,                   0,           0.0096815,           0.0096815,           0.0096815
                  25,            0.017018,          0.00096688,          0.00071223,                   0,                   0,                   0,                   0,                   0,                   0,                   0,           0.0096677,           0.0096677,           0.0096677
                  26,            0.017044,           0.0010063,          0.00070765,                   0,                   0,                   0,                   0,                   0,                   0,                   0,           0.0096538,           0.0096538,           0.0096538
                  27,            0.016761,          0.00094461,          0.00063747,                   0,                   0,                   0,                   0,                   0,                   0,                   0,             0.00964,             0.00964,             0.00964
                  28,            0.017291,           0.0010042,          0.00086905,                   0,                   0,                   0,                   0,                   0,                   0,                   0,           0.0096262,           0.0096262,           0.0096262
                  29,            0.017297,          0.00095281,          0.00085418,                   0,                   0,                   0,                   0,                   0,                   0,                   0,           0.0096123,           0.0096123,           0.0096123
                  30,            0.016706,          0.00097931,          0.00073027,                   0,                   0,                   0,                   0,                   0,                   0,                   0,           0.0095985,           0.0095985,           0.0095985
                  31,            0.016951,          0.00095289,            0.000856,                   0,                   0,                   0,                   0,                   0,                   0,                   0,           0.0095846,           0.0095846,           0.0095846
                  32,            0.016632,          0.00094267,          0.00071544,                   0,                   0,                   0,                   0,                   0,                   0,                   0,           0.0095708,           0.0095708,           0.0095708
                  33,            0.016518,          0.00091671,           0.0006304,                   0,                   0,                   0,                   0,                   0,                   0,                   0,           0.0095569,           0.0095569,           0.0095569
                  34,            0.016884,          0.00096026,          0.00099907,                   0,                   0,                   0,                   0,                   0,                   0,                   0,           0.0095431,           0.0095431,           0.0095431
                  35,            0.016627,          0.00091733,          0.00075851,                   0,                   0,                   0,                   0,                   0,                   0,                   0,           0.0095292,           0.0095292,           0.0095292
                  36,            0.016495,          0.00093566,          0.00064681,                   0,                   0,                   0,                   0,                   0,                   0,                   0,           0.0095154,           0.0095154,           0.0095154
                  37,            0.016317,          0.00089837,          0.00064347,                   0,                   0,                   0,                   0,                   0,                   0,                   0,           0.0095015,           0.0095015,           0.0095015
                  38,            0.016547,          0.00087739,          0.00060177,                   0,                   0,                   0,                   0,                   0,                   0,                   0,           0.0094877,           0.0094877,           0.0094877
                  39,            0.016445,          0.00089243,          0.00066845,                   0,                   0,                   0,                   0,                   0,                   0,                   0,           0.0094738,           0.0094738,           0.0094738
                  40,            0.016217,            0.000899,          0.00077771,                   0,                   0,                   0,                   0,                   0,                   0,                   0,             0.00946,             0.00946,             0.00946
                  41,            0.016373,          0.00091956,          0.00059586,                   0,                   0,                   0,                   0,                   0,                   0,                   0,           0.0094462,           0.0094462,           0.0094462
                  42,            0.016033,          0.00086741,          0.00057385,                   0,                   0,                   0,                   0,                   0,                   0,                   0,           0.0094323,           0.0094323,           0.0094323
                  43,            0.016239,          0.00088405,          0.00061336,                   0,                   0,                   0,                   0,                   0,                   0,                   0,           0.0094185,           0.0094185,           0.0094185
                  44,            0.016386,          0.00088882,          0.00064029,                   0,                   0,                   0,                   0,                   0,                   0,                   0,           0.0094046,           0.0094046,           0.0094046
                  45,            0.016476,          0.00084273,          0.00058244,                   0,                   0,                   0,                   0,                   0,                   0,                   0,           0.0093908,           0.0093908,           0.0093908
                  46,             0.01638,          0.00088949,            0.000596,                   0,                   0,                   0,                   0,                   0,                   0,                   0,           0.0093769,           0.0093769,           0.0093769
                  47,            0.016818,          0.00090723,          0.00082991,                   0,                   0,                   0,                   0,                   0,                   0,                   0,           0.0093631,           0.0093631,           0.0093631
                  48,            0.016505,          0.00090128,          0.00078349,                   0,                   0,                   0,                   0,                   0,                   0,                   0,           0.0093492,           0.0093492,           0.0093492
                  49,            0.016162,          0.00089018,            0.000599,                   0,                   0,                   0,                   0,                   0,                   0,                   0,           0.0093354,           0.0093354,           0.0093354
                  50,            0.015844,          0.00086956,          0.00068073,                   0,                   0,                   0,                   0,                   0,                   0,                   0,           0.0093215,           0.0093215,           0.0093215
                  51,             0.01573,          0.00085737,          0.00069308,                   0,                   0,                   0,                   0,                   0,                   0,                   0,           0.0093077,           0.0093077,           0.0093077
                  52,            0.016099,          0.00090002,          0.00076604,                   0,                   0,                   0,                   0,                   0,                   0,                   0,           0.0092938,           0.0092938,           0.0092938
                  53,            0.015821,          0.00087686,          0.00068665,                   0,                   0,                   0,                   0,                   0,                   0,                   0,             0.00928,             0.00928,             0.00928
                  54,            0.015853,          0.00085073,          0.00058639,                   0,                   0,                   0,                   0,                   0,                   0,                   0,           0.0092662,           0.0092662,           0.0092662
                  55,            0.015678,          0.00083303,          0.00063968,                   0,                   0,                   0,                   0,                   0,                   0,                   0,           0.0092523,           0.0092523,           0.0092523
                  56,            0.015918,          0.00085883,          0.00067707,                   0,                   0,                   0,                   0,                   0,                   0,                   0,           0.0092385,           0.0092385,           0.0092385
                  57,            0.015863,          0.00088377,          0.00078382,                   0,                   0,                   0,                   0,                   0,                   0,                   0,           0.0092246,           0.0092246,           0.0092246
                  58,            0.015492,          0.00083369,          0.00063425,                   0,                   0,                   0,                   0,                   0,                   0,                   0,           0.0092108,           0.0092108,           0.0092108
                  59,            0.015443,          0.00084228,          0.00054325,                   0,                   0,                   0,                   0,                   0,                   0,                   0,           0.0091969,           0.0091969,           0.0091969
                  60,            0.015545,          0.00084549,          0.00046285,                   0,                   0,                   0,                   0,                   0,                   0,                   0,           0.0091831,           0.0091831,           0.0091831
                  61,            0.015474,           0.0007909,          0.00050238,                   0,                   0,                   0,                   0,                   0,                   0,                   0,           0.0091692,           0.0091692,           0.0091692
                  62,            0.015596,           0.0008173,          0.00047904,                   0,                   0,                   0,                   0,                   0,                   0,                   0,           0.0091554,           0.0091554,           0.0091554
                  63,            0.015511,          0.00083145,          0.00063993,                   0,                   0,                   0,                   0,                   0,                   0,                   0,           0.0091415,           0.0091415,           0.0091415
                  64,             0.01559,          0.00080463,          0.00052766,                   0,                   0,                   0,                   0,                   0,                   0,                   0,           0.0091277,           0.0091277,           0.0091277
                  65,            0.015787,          0.00084205,          0.00083841,                   0,                   0,                   0,                   0,                   0,                   0,                   0,           0.0091138,           0.0091138,           0.0091138
                  66,            0.015792,          0.00082983,           0.0006556,                   0,                   0,                   0,                   0,                   0,                   0,                   0,              0.0091,              0.0091,              0.0091
                  67,            0.015613,          0.00082256,          0.00061488,                   0,                   0,                   0,                   0,                   0,                   0,                   0,           0.0090862,           0.0090862,           0.0090862
                  68,             0.01586,          0.00086016,          0.00069906,                   0,                   0,                   0,                   0,                   0,                   0,                   0,           0.0090723,           0.0090723,           0.0090723
                  69,            0.015368,          0.00082185,          0.00058107,                   0,                   0,                   0,                   0,                   0,                   0,                   0,           0.0090585,           0.0090585,           0.0090585
                  70,            0.016179,          0.00085989,          0.00098317,                   0,                   0,                   0,                   0,                   0,                   0,                   0,           0.0090446,           0.0090446,           0.0090446
                  71,            0.015719,          0.00086247,          0.00066796,                   0,                   0,                   0,                   0,                   0,                   0,                   0,           0.0090308,           0.0090308,           0.0090308
                  72,              0.0154,          0.00084776,          0.00068706,                   0,                   0,                   0,                   0,                   0,                   0,                   0,           0.0090169,           0.0090169,           0.0090169
                  73,             0.01511,          0.00083554,          0.00065896,                   0,                   0,                   0,                   0,                   0,                   0,                   0,           0.0090031,           0.0090031,           0.0090031
                  74,            0.015215,           0.0008126,          0.00054306,                   0,                   0,                   0,                   0,                   0,                   0,                   0,           0.0089892,           0.0089892,           0.0089892
                  75,            0.015035,           0.0007752,          0.00051814,                   0,                   0,                   0,                   0,                   0,                   0,                   0,           0.0089754,           0.0089754,           0.0089754
                  76,            0.014938,          0.00082466,          0.00060894,                   0,                   0,                   0,                   0,                   0,                   0,                   0,           0.0089615,           0.0089615,           0.0089615
                  77,            0.015218,          0.00080388,          0.00047733,                   0,                   0,                   0,                   0,                   0,                   0,                   0,           0.0089477,           0.0089477,           0.0089477
                  78,            0.015241,          0.00082528,          0.00060615,                   0,                   0,                   0,                   0,                   0,                   0,                   0,           0.0089338,           0.0089338,           0.0089338
                  79,            0.015072,          0.00078957,          0.00049291,                   0,                   0,                   0,                   0,                   0,                   0,                   0,             0.00892,             0.00892,             0.00892
                  80,            0.015206,          0.00085006,          0.00066644,                   0,                   0,                   0,                   0,                   0,                   0,                   0,           0.0089062,           0.0089062,           0.0089062
                  81,            0.015139,           0.0007976,          0.00058973,                   0,                   0,                   0,                   0,                   0,                   0,                   0,           0.0088923,           0.0088923,           0.0088923
                  82,            0.015497,          0.00081844,          0.00068055,                   0,                   0,                   0,                   0,                   0,                   0,                   0,           0.0088785,           0.0088785,           0.0088785
                  83,            0.015204,          0.00083358,          0.00062246,                   0,                   0,                   0,                   0,                   0,                   0,                   0,           0.0088646,           0.0088646,           0.0088646
                  84,            0.014981,          0.00082604,          0.00059249,                   0,                   0,                   0,                   0,                   0,                   0,                   0,           0.0088508,           0.0088508,           0.0088508
                  85,            0.015415,          0.00084013,          0.00067537,                   0,                   0,                   0,                   0,                   0,                   0,                   0,           0.0088369,           0.0088369,           0.0088369
                  86,            0.015309,           0.0008161,          0.00067971,                   0,                   0,                   0,                   0,                   0,                   0,                   0,           0.0088231,           0.0088231,           0.0088231
                  87,            0.015847,          0.00085769,          0.00087461,                   0,                   0,                   0,                   0,                   0,                   0,                   0,           0.0088092,           0.0088092,           0.0088092
                  88,            0.015015,          0.00080001,           0.0004644,                   0,                   0,                   0,                   0,                   0,                   0,                   0,           0.0087954,           0.0087954,           0.0087954
                  89,            0.015468,          0.00084614,          0.00069628,                   0,                   0,                   0,                   0,                   0,                   0,                   0,           0.0087815,           0.0087815,           0.0087815
                  90,             0.01531,          0.00082132,           0.0006187,                   0,                   0,                   0,                   0,                   0,                   0,                   0,           0.0087677,           0.0087677,           0.0087677
                  91,            0.015118,          0.00079921,          0.00048315,                   0,                   0,                   0,                   0,                   0,                   0,                   0,           0.0087538,           0.0087538,           0.0087538
                  92,            0.015567,          0.00081126,          0.00051754,                   0,                   0,                   0,                   0,                   0,                   0,                   0,             0.00874,             0.00874,             0.00874
                  93,            0.014744,          0.00082558,          0.00061141,                   0,                   0,                   0,                   0,                   0,                   0,                   0,           0.0087262,           0.0087262,           0.0087262
                  94,            0.014889,          0.00080309,          0.00050553,                   0,                   0,                   0,                   0,                   0,                   0,                   0,           0.0087123,           0.0087123,           0.0087123
                  95,             0.01524,          0.00081923,          0.00064492,                   0,                   0,                   0,                   0,                   0,                   0,                   0,           0.0086985,           0.0086985,           0.0086985
                  96,            0.014913,          0.00080878,          0.00052149,                   0,                   0,                   0,                   0,                   0,                   0,                   0,           0.0086846,           0.0086846,           0.0086846
                  97,            0.014882,            0.000795,           0.0005846,                   0,                   0,                   0,                   0,                   0,                   0,                   0,           0.0086708,           0.0086708,           0.0086708
                  98,             0.01482,          0.00079819,          0.00048791,                   0,                   0,                   0,                   0,                   0,                   0,                   0,           0.0086569,           0.0086569,           0.0086569
                  99,             0.01492,          0.00079261,          0.00057089,                   0,                   0,                   0,                   0,                   0,                   0,                   0,           0.0086431,           0.0086431,           0.0086431
                 100,            0.014887,          0.00080247,          0.00056235,                   0,                   0,                   0,                   0,                   0,                   0,                   0,           0.0086292,           0.0086292,           0.0086292
                 101,             0.01461,          0.00081061,          0.00047869,                   0,                   0,                   0,                   0,                   0,                   0,                   0,           0.0086154,           0.0086154,           0.0086154
                 102,            0.015387,          0.00081129,          0.00084554,                   0,                   0,                   0,                   0,                   0,                   0,                   0,           0.0086015,           0.0086015,           0.0086015
                 103,            0.014711,          0.00079915,          0.00056925,                   0,                   0,                   0,                   0,                   0,                   0,                   0,           0.0085877,           0.0085877,           0.0085877
                 104,             0.01471,           0.0007754,          0.00047725,                   0,                   0,                   0,                   0,                   0,                   0,                   0,           0.0085738,           0.0085738,           0.0085738
                 105,            0.014656,          0.00080527,          0.00054341,                   0,                   0,                   0,                   0,                   0,                   0,                   0,             0.00856,             0.00856,             0.00856
                 106,            0.015079,           0.0008027,          0.00056513,                   0,                   0,                   0,                   0,                   0,                   0,                   0,           0.0085462,           0.0085462,           0.0085462
                 107,            0.014514,          0.00078809,          0.00045344,                   0,                   0,                   0,                   0,                   0,                   0,                   0,           0.0085323,           0.0085323,           0.0085323
                 108,            0.014518,          0.00077546,          0.00046851,                   0,                   0,                   0,                   0,                   0,                   0,                   0,           0.0085185,           0.0085185,           0.0085185
                 109,            0.014971,          0.00077967,          0.00061783,                   0,                   0,                   0,                   0,                   0,                   0,                   0,           0.0085046,           0.0085046,           0.0085046
                 110,            0.014968,          0.00080296,          0.00061694,                   0,                   0,                   0,                   0,                   0,                   0,                   0,           0.0084908,           0.0084908,           0.0084908
                 111,            0.014904,          0.00079243,           0.0005327,                   0,                   0,                   0,                   0,                   0,                   0,                   0,           0.0084769,           0.0084769,           0.0084769
