               epoch,      train/box_loss,      train/obj_loss,      train/cls_loss,   metrics/precision,      metrics/recall,     metrics/mAP_0.5,metrics/mAP_0.5:0.95,        val/box_loss,        val/obj_loss,        val/cls_loss,               x/lr0,               x/lr1,               x/lr2
                   0,            0.018671,          0.00098542,          0.00049025,             0.19231,             0.66667,             0.33979,              0.3097,            0.032653,           0.0060538,          0.00037966,            0.070259,           0.0033046,           0.0033046
                   1,            0.018705,          0.00072808,          0.00055174,            0.015873,             0.33333,             0.33167,             0.33167,            0.035849,           0.0069338,           0.0041817,            0.040252,           0.0066314,           0.0066314
                   2,            0.020869,          0.00079806,          0.00081398,                   0,                   0,                   0,                   0,              0.0402,           0.0090836,            0.012955,            0.010239,           0.0099515,           0.0099515
                   3,             0.02522,           0.0012123,            0.003478,                   0,                   0,                   0,                   0,            0.036782,           0.0080424,           0.0043648,           0.0099703,           0.0099703,           0.0099703
                   4,            0.025445,           0.0013184,           0.0029627,                   0,                   0,                   0,                   0,            0.036826,           0.0087972,           0.0061432,           0.0099703,           0.0099703,           0.0099703
                   5,            0.024909,           0.0012483,           0.0030212,           0.0039565,             0.26667,            0.055278,            0.011243,            0.040095,           0.0087153,           0.0008337,           0.0099604,           0.0099604,           0.0099604
                   6,            0.024766,           0.0011704,           0.0020848,            0.016015,             0.46667,             0.09401,            0.028203,            0.040134,           0.0039375,          0.00071468,           0.0099505,           0.0099505,           0.0099505
                   7,            0.024324,           0.0011876,           0.0023311,                   0,                   0,                   0,                   0,             0.04093,           0.0088874,           0.0067245,           0.0099406,           0.0099406,           0.0099406
                   8,            0.023498,           0.0011413,           0.0019245,                   0,                   0,                   0,                   0,            0.036522,            0.011382,            0.011572,           0.0099307,           0.0099307,           0.0099307
                   9,            0.023452,           0.0011477,           0.0022658,            0.018519,            0.066667,              0.0725,             0.00725,            0.040182,           0.0052202,            0.013953,           0.0099208,           0.0099208,           0.0099208
                  10,            0.023028,           0.0011092,           0.0018326,           0.0024499,             0.53333,           0.0031639,          0.00060834,            0.036396,            0.018065,           0.0018951,           0.0099109,           0.0099109,           0.0099109
                  11,            0.022829,           0.0011383,           0.0017604,            0.001355,             0.33333,            0.055278,            0.011056,            0.036639,            0.019672,            0.006958,            0.009901,            0.009901,            0.009901
                  12,            0.022101,           0.0011127,           0.0018205,                   0,                   0,                   0,                   0,            0.038008,           0.0086988,           0.0032272,           0.0098911,           0.0098911,           0.0098911
                  13,            0.022059,            0.001074,           0.0013245,             0.20185,             0.33333,             0.35229,            0.071664,            0.039509,           0.0055738,           0.0014065,           0.0098812,           0.0098812,           0.0098812
                  14,             0.02219,           0.0011159,           0.0014308,           0.0089485,             0.26667,            0.071697,           0.0071697,            0.039509,           0.0082611,           0.0058273,           0.0098713,           0.0098713,           0.0098713
                  15,            0.021853,           0.0010845,           0.0017244,           0.0035273,             0.13333,            0.015613,           0.0043872,            0.037155,             0.00873,          0.00071068,           0.0098614,           0.0098614,           0.0098614
                  16,            0.021487,           0.0010633,           0.0013683,           0.0029499,             0.33333,           0.0034549,          0.00034549,            0.035044,            0.009123,           0.0022316,           0.0098515,           0.0098515,           0.0098515
                  17,            0.021554,           0.0010252,           0.0013795,           0.0045977,             0.13333,           0.0049609,          0.00049609,            0.038973,           0.0071296,           0.0020966,           0.0098416,           0.0098416,           0.0098416
                  18,            0.021023,           0.0010325,           0.0010814,             0.04178,             0.46667,             0.10323,            0.012201,            0.038372,           0.0071952,           0.0043671,           0.0098317,           0.0098317,           0.0098317
                  19,            0.020916,           0.0009948,           0.0014845,                   0,                   0,                   0,                   0,            0.037639,           0.0087913,           0.0027443,           0.0098218,           0.0098218,           0.0098218
                  20,            0.020839,           0.0010164,           0.0013943,            0.011494,             0.26667,             0.16535,            0.038425,            0.037551,           0.0068282,           0.0023254,           0.0098119,           0.0098119,           0.0098119
                  21,            0.020688,           0.0010309,           0.0012456,                   0,                   0,                   0,                   0,            0.038674,            0.014492,           0.0084091,            0.009802,            0.009802,            0.009802
                  22,            0.020679,           0.0010274,           0.0013666,             0.55871,            0.066667,             0.15595,            0.017221,            0.039202,            0.005118,           0.0012554,           0.0097921,           0.0097921,           0.0097921
                  23,            0.019899,           0.0010182,          0.00084493,             0.44028,             0.44374,             0.61364,             0.19603,            0.039629,            0.004378,          0.00082054,           0.0097822,           0.0097822,           0.0097822
                  24,            0.019914,          0.00096857,           0.0008425,                   0,                   0,                   0,                   0,            0.040536,           0.0087879,            0.008551,           0.0097723,           0.0097723,           0.0097723
                  25,            0.020055,           0.0010331,           0.0013211,           0.0041408,             0.13333,             0.05393,            0.005393,            0.039347,           0.0065176,           0.0024719,           0.0097624,           0.0097624,           0.0097624
                  26,            0.020489,           0.0010321,           0.0014693,             0.12964,             0.13333,             0.14833,            0.027982,            0.038533,           0.0097823,           0.0012337,           0.0097525,           0.0097525,           0.0097525
                  27,            0.019928,           0.0010094,           0.0011577,           0.0032154,                 0.2,           0.0056456,           0.0013117,            0.037357,            0.010623,           0.0018436,           0.0097426,           0.0097426,           0.0097426
                  28,            0.020088,           0.0010031,           0.0014549,             0.47835,             0.33333,              0.4111,            0.043751,            0.037909,           0.0081704,           0.0027969,           0.0097327,           0.0097327,           0.0097327
                  29,            0.019767,           0.0009473,          0.00095253,           0.0099913,                 0.6,             0.19559,            0.019559,            0.037433,           0.0098573,           0.0051544,           0.0097228,           0.0097228,           0.0097228
                  30,             0.02014,          0.00098162,           0.0012668,             0.41891,                 0.4,             0.40781,             0.10711,            0.040059,            0.011282,           0.0029549,           0.0097129,           0.0097129,           0.0097129
                  31,            0.020117,          0.00098129,           0.0010117,              0.6068,             0.13333,             0.52593,             0.20806,            0.039866,             0.00694,           0.0010574,            0.009703,            0.009703,            0.009703
                  32,            0.019967,          0.00098942,           0.0014665,                   0,                   0,                   0,                   0,            0.041725,           0.0052459,           0.0013458,           0.0096931,           0.0096931,           0.0096931
                  33,            0.019699,           0.0010027,          0.00090674,           0.0020704,            0.066667,           0.0062552,           0.0018766,            0.038822,           0.0085245,           0.0042068,           0.0096832,           0.0096832,           0.0096832
                  34,            0.018962,          0.00095263,          0.00090219,             0.52855,            0.066667,            0.073081,           0.0073081,            0.037933,           0.0087787,           0.0046234,           0.0096733,           0.0096733,           0.0096733
                  35,            0.019276,          0.00097239,           0.0010867,             0.58521,             0.33333,             0.33898,            0.067959,            0.037682,           0.0099144,           0.0015678,           0.0096634,           0.0096634,           0.0096634
                  36,            0.019256,          0.00097406,          0.00099193,              0.6306,             0.33333,             0.52357,             0.11431,            0.038642,           0.0060641,           0.0015965,           0.0096535,           0.0096535,           0.0096535
                  37,             0.01915,          0.00096922,          0.00091379,           0.0088617,             0.46667,              0.3675,              0.0516,            0.038117,           0.0074288,          0.00077248,           0.0096436,           0.0096436,           0.0096436
                  38,            0.019199,          0.00096243,          0.00099251,            0.074881,            0.066667,            0.045054,            0.006883,            0.041427,            0.007464,            0.002116,           0.0096337,           0.0096337,           0.0096337
                  39,            0.019682,          0.00095582,          0.00099872,             0.45739,              0.2481,             0.17086,            0.033923,            0.040302,           0.0073657,           0.0028519,           0.0096238,           0.0096238,           0.0096238
                  40,            0.019254,          0.00096472,          0.00088864,           0.0016181,            0.066667,           0.0034814,          0.00034814,            0.038537,            0.011332,           0.0023163,           0.0096139,           0.0096139,           0.0096139
                  41,            0.019415,          0.00098634,           0.0010921,            0.003655,             0.46667,            0.027938,            0.005702,            0.039716,           0.0096679,          0.00090752,            0.009604,            0.009604,            0.009604
                  42,            0.019568,          0.00096102,           0.0010451,                   0,                   0,                   0,                   0,            0.039015,           0.0084861,           0.0057175,           0.0095941,           0.0095941,           0.0095941
                  43,            0.019312,          0.00097178,           0.0011722,           0.0018416,            0.066667,           0.0014373,          0.00057494,            0.040055,            0.009194,           0.0031128,           0.0095842,           0.0095842,           0.0095842
                  44,            0.018807,          0.00094756,           0.0012588,             0.23085,             0.23106,              0.1563,            0.018869,            0.041022,           0.0066195,           0.0010345,           0.0095743,           0.0095743,           0.0095743
                  45,            0.019063,          0.00098253,           0.0011626,            0.023474,             0.33333,             0.27649,            0.078213,            0.038786,           0.0058513,          0.00055447,           0.0095644,           0.0095644,           0.0095644
                  46,            0.019303,          0.00098178,           0.0011492,             0.51108,             0.33333,             0.33338,            0.068797,            0.038307,           0.0097357,          0.00087147,           0.0095545,           0.0095545,           0.0095545
                  47,             0.01866,          0.00097318,           0.0012865,             0.38681,             0.33333,             0.33167,            0.042643,            0.041056,           0.0052413,           0.0016685,           0.0095446,           0.0095446,           0.0095446
                  48,            0.018816,          0.00095579,          0.00098538,           0.0074398,             0.46667,             0.13745,            0.027054,            0.041898,           0.0065082,           0.0036507,           0.0095347,           0.0095347,           0.0095347
                  49,            0.018837,          0.00092783,           0.0010918,             0.47252,             0.48584,             0.43141,            0.056927,            0.036916,           0.0086651,          0.00073414,           0.0095248,           0.0095248,           0.0095248
                  50,            0.019218,          0.00090566,           0.0013879,             0.42132,             0.58204,             0.48639,            0.086484,            0.038746,           0.0076099,          0.00084171,           0.0095149,           0.0095149,           0.0095149
                  51,            0.019036,          0.00097261,           0.0010039,             0.21674,             0.12675,             0.16278,            0.024303,             0.03818,            0.006821,          0.00073814,            0.009505,            0.009505,            0.009505
                  52,             0.01887,          0.00094466,           0.0011729,             0.33233,             0.38595,             0.37206,            0.056383,            0.039409,           0.0091769,           0.0037674,           0.0094951,           0.0094951,           0.0094951
                  53,             0.01873,          0.00091991,          0.00097305,            0.013697,             0.66667,            0.077289,            0.014545,            0.039849,           0.0081074,           0.0024559,           0.0094852,           0.0094852,           0.0094852
                  54,            0.018649,            0.000936,          0.00091745,            0.010699,                 0.6,             0.13009,            0.032994,            0.038482,           0.0098034,          0.00071526,           0.0094753,           0.0094753,           0.0094753
                  55,            0.018712,          0.00092361,           0.0010243,             0.19111,            0.096004,             0.27352,            0.064994,            0.039452,           0.0059918,          0.00055361,           0.0094654,           0.0094654,           0.0094654
                  56,            0.018958,          0.00092727,            0.001427,             0.10901,             0.33333,             0.34987,            0.070093,            0.040695,            0.012232,           0.0035019,           0.0094555,           0.0094555,           0.0094555
                  57,            0.018874,          0.00093826,          0.00079188,             0.10261,             0.33333,             0.17646,             0.02492,            0.036604,           0.0099256,          0.00068092,           0.0094456,           0.0094456,           0.0094456
                  58,            0.018334,           0.0009079,          0.00053278,             0.01547,                 0.6,             0.45319,             0.12668,            0.038942,           0.0065657,           0.0010494,           0.0094357,           0.0094357,           0.0094357
                  59,            0.017732,          0.00088675,          0.00072072,             0.47979,             0.29291,             0.19427,            0.038146,            0.039063,           0.0085658,            0.001474,           0.0094258,           0.0094258,           0.0094258
                  60,            0.018141,          0.00091902,          0.00070575,             0.46455,             0.49565,             0.44935,              0.1075,            0.038527,           0.0091354,           0.0012314,           0.0094159,           0.0094159,           0.0094159
                  61,            0.018335,          0.00092106,           0.0010399,             0.22913,             0.53333,             0.42482,            0.079209,            0.037676,           0.0069519,          0.00045776,            0.009406,            0.009406,            0.009406
                  62,             0.01875,          0.00092135,           0.0011176,             0.44311,                 0.4,             0.51987,             0.13733,            0.037644,            0.012493,          0.00067348,           0.0093961,           0.0093961,           0.0093961
                  63,            0.018818,           0.0009369,          0.00071413,             0.19136,             0.18272,             0.17801,            0.036732,             0.03772,            0.011988,           0.0011152,           0.0093862,           0.0093862,           0.0093862
                  64,            0.018357,          0.00090759,          0.00092051,             0.66667,             0.25812,             0.27288,            0.056252,            0.039026,            0.014412,           0.0015003,           0.0093763,           0.0093763,           0.0093763
                  65,            0.018704,          0.00091497,           0.0008162,             0.54916,             0.49018,              0.6337,             0.18607,            0.037222,            0.012142,           0.0026344,           0.0093664,           0.0093664,           0.0093664
                  66,            0.017966,           0.0008904,          0.00082247,            0.010161,             0.66667,             0.24221,            0.026549,            0.040059,            0.011818,           0.0040375,           0.0093565,           0.0093565,           0.0093565
                  67,            0.017944,          0.00091557,           0.0010204,              0.6575,               0.501,             0.60105,             0.10031,            0.038682,             0.01179,           0.0018036,           0.0093466,           0.0093466,           0.0093466
                  68,             0.01856,           0.0009406,          0.00098544,             0.52119,             0.53333,                0.58,             0.11421,             0.03964,            0.012197,           0.0019535,           0.0093367,           0.0093367,           0.0093367
                  69,             0.01857,          0.00089865,           0.0012891,           0.0087039,             0.53333,             0.11696,            0.012674,            0.038573,            0.011022,          0.00076962,           0.0093268,           0.0093268,           0.0093268
                  70,             0.01841,          0.00090204,           0.0011813,             0.49929,             0.49465,             0.66333,             0.24957,            0.037887,           0.0098446,          0.00045519,           0.0093169,           0.0093169,           0.0093169
                  71,            0.018947,          0.00092828,           0.0010426,             0.34831,             0.50627,                0.63,             0.22878,            0.037757,           0.0056282,            0.000634,            0.009307,            0.009307,            0.009307
                  72,            0.018207,          0.00089146,           0.0010646,             0.45723,             0.52693,             0.65222,             0.14607,             0.03926,           0.0060143,           0.0044678,           0.0092971,           0.0092971,           0.0092971
                  73,            0.017963,          0.00086258,          0.00084888,             0.44928,             0.49179,              0.4725,            0.074943,            0.039667,           0.0080637,           0.0026138,           0.0092872,           0.0092872,           0.0092872
                  74,            0.017869,          0.00088739,          0.00073161,             0.39977,             0.52967,             0.44222,             0.11472,            0.039889,           0.0064227,           0.0030418,           0.0092773,           0.0092773,           0.0092773
                  75,            0.018054,          0.00092392,           0.0011006,             0.29588,                 0.2,             0.30279,            0.070766,            0.039948,           0.0066787,           0.0061066,           0.0092674,           0.0092674,           0.0092674
                  76,            0.018223,          0.00089365,          0.00071093,             0.25381,             0.35028,             0.47193,             0.09165,            0.039075,            0.009651,          0.00074387,           0.0092575,           0.0092575,           0.0092575
                  77,            0.018037,          0.00088851,             0.00106,             0.56238,             0.48356,             0.58824,             0.14869,            0.037587,           0.0090035,          0.00051785,           0.0092476,           0.0092476,           0.0092476
                  78,            0.018008,          0.00091755,           0.0012712,             0.59131,             0.33333,             0.60262,             0.16421,            0.037585,            0.011227,          0.00056562,           0.0092377,           0.0092377,           0.0092377
                  79,            0.018334,          0.00090765,          0.00095999,            0.010562,             0.66667,             0.11463,              0.0306,            0.038801,            0.011151,          0.00086002,           0.0092278,           0.0092278,           0.0092278
                  80,              0.0187,           0.0009051,           0.0010878,             0.66667,              0.3048,             0.66333,             0.14743,            0.037709,            0.012517,          0.00064201,           0.0092179,           0.0092179,           0.0092179
                  81,            0.018443,          0.00089735,           0.0010145,             0.57699,             0.58038,             0.66333,             0.14825,            0.037447,           0.0087878,          0.00086117,            0.009208,            0.009208,            0.009208
                  82,            0.018226,          0.00091928,          0.00083868,            0.010428,             0.66667,             0.39937,            0.087741,            0.036598,            0.010121,          0.00072842,           0.0091981,           0.0091981,           0.0091981
                  83,            0.017878,          0.00088916,          0.00068133,            0.027886,             0.66667,             0.54821,               0.111,            0.037465,           0.0097198,          0.00065346,           0.0091882,           0.0091882,           0.0091882
                  84,            0.017792,          0.00089456,          0.00086355,             0.11652,             0.46667,             0.28013,               0.057,            0.037529,            0.010708,          0.00065975,           0.0091783,           0.0091783,           0.0091783
                  85,             0.01843,          0.00089302,          0.00081164,            0.012823,             0.66667,              0.3245,            0.073412,            0.038163,           0.0089204,          0.00064774,           0.0091684,           0.0091684,           0.0091684
                  86,             0.01809,          0.00089529,          0.00080031,             0.01004,             0.66667,             0.43403,            0.087459,            0.038096,            0.011562,          0.00062199,           0.0091585,           0.0091585,           0.0091585
                  87,            0.018309,          0.00089617,           0.0011747,             0.47139,             0.33333,             0.34785,            0.072059,            0.036901,            0.010308,           0.0005619,           0.0091486,           0.0091486,           0.0091486
                  88,             0.01795,          0.00090013,          0.00069739,             0.46937,             0.49303,             0.60901,             0.11548,            0.037651,           0.0077727,          0.00056734,           0.0091387,           0.0091387,           0.0091387
                  89,            0.017642,          0.00084871,          0.00064028,             0.53388,              0.4304,             0.48821,             0.08715,            0.037563,           0.0084449,          0.00065918,           0.0091288,           0.0091288,           0.0091288
                  90,            0.017619,          0.00086919,          0.00082617,             0.57206,             0.33333,             0.47409,            0.087135,            0.038352,           0.0087428,          0.00066662,           0.0091189,           0.0091189,           0.0091189
                  91,            0.018245,          0.00088997,          0.00099077,             0.46977,             0.33333,             0.33221,            0.097715,            0.038533,           0.0090112,           0.0006403,            0.009109,            0.009109,            0.009109
                  92,             0.01831,          0.00088678,           0.0010404,             0.48786,             0.38422,             0.37874,             0.10489,            0.038166,            0.011216,           0.0008503,           0.0090991,           0.0090991,           0.0090991
                  93,            0.017729,           0.0008903,          0.00083906,             0.21176,              0.5516,             0.33782,            0.075903,            0.038497,           0.0088015,          0.00076847,           0.0090892,           0.0090892,           0.0090892
                  94,            0.017679,          0.00088875,           0.0011541,             0.46818,             0.41451,             0.57519,             0.10066,            0.038769,           0.0094741,          0.00056362,           0.0090793,           0.0090793,           0.0090793
                  95,              0.0184,          0.00090173,          0.00092915,            0.046099,             0.66667,             0.38454,            0.069872,            0.039317,           0.0087022,          0.00061512,           0.0090694,           0.0090694,           0.0090694
                  96,            0.017751,          0.00088264,          0.00070953,             0.41908,             0.45884,             0.29678,             0.04613,            0.039746,           0.0081142,          0.00058165,           0.0090595,           0.0090595,           0.0090595
                  97,            0.017829,          0.00087986,          0.00082919,             0.42333,             0.46047,             0.32813,             0.04643,            0.039832,            0.009255,          0.00057907,           0.0090496,           0.0090496,           0.0090496
                  98,            0.017412,          0.00087658,          0.00083248,            0.062271,            0.066667,             0.10815,            0.021095,            0.039494,           0.0094861,          0.00056534,           0.0090397,           0.0090397,           0.0090397
                  99,            0.017913,          0.00087611,          0.00080441,            0.067565,            0.066667,             0.10177,            0.020395,            0.039209,           0.0093583,          0.00061798,           0.0090298,           0.0090298,           0.0090298
                 100,            0.017615,          0.00085643,          0.00069061,             0.47614,              0.2856,             0.18178,            0.035939,             0.04019,           0.0083721,           0.0008297,           0.0090199,           0.0090199,           0.0090199
                 101,            0.017565,          0.00088879,          0.00085145,              0.4709,             0.27514,             0.17889,            0.036022,            0.040349,           0.0086783,           0.0010019,             0.00901,             0.00901,             0.00901
                 102,            0.017846,          0.00087273,          0.00090713,             0.48996,             0.31324,             0.17555,            0.036906,            0.039377,           0.0090548,          0.00080338,           0.0090001,           0.0090001,           0.0090001
                 103,            0.018043,          0.00087702,          0.00092899,             0.49555,             0.33333,             0.17845,            0.038107,            0.038547,           0.0089972,           0.0007719,           0.0089902,           0.0089902,           0.0089902
                 104,            0.017799,          0.00089134,          0.00068062,             0.48587,             0.33333,             0.30629,            0.084146,            0.038088,           0.0090412,          0.00069351,           0.0089803,           0.0089803,           0.0089803
                 105,            0.017799,          0.00085096,          0.00072011,             0.48789,             0.33333,              0.3791,             0.11608,            0.037706,           0.0093162,           0.0006609,           0.0089704,           0.0089704,           0.0089704
                 106,            0.017633,          0.00088439,          0.00084137,             0.49673,             0.33333,             0.51687,              0.1421,            0.037532,           0.0086409,          0.00064316,           0.0089605,           0.0089605,           0.0089605
                 107,            0.018048,          0.00085933,          0.00085383,             0.49453,             0.33333,             0.46319,             0.11352,            0.037606,           0.0086981,          0.00059052,           0.0089506,           0.0089506,           0.0089506
                 108,            0.017666,          0.00088458,          0.00073224,             0.50658,             0.33333,             0.45444,             0.12632,            0.037377,           0.0085071,           0.0006237,           0.0089407,           0.0089407,           0.0089407
                 109,            0.017714,          0.00087306,          0.00097591,             0.56923,             0.33333,             0.44312,             0.12365,            0.037021,           0.0090682,          0.00062885,           0.0089308,           0.0089308,           0.0089308
                 110,            0.017802,          0.00087499,          0.00070632,             0.48775,             0.33333,             0.44543,               0.113,            0.036986,           0.0092469,          0.00067577,           0.0089209,           0.0089209,           0.0089209
                 111,            0.017659,          0.00085177,           0.0007215,             0.48586,             0.33333,             0.45347,             0.11162,            0.037423,           0.0089835,           0.0006752,            0.008911,            0.008911,            0.008911
                 112,            0.017387,          0.00084842,          0.00070332,             0.45869,             0.33333,             0.60073,             0.13272,            0.037295,            0.009201,          0.00078163,           0.0089011,           0.0089011,           0.0089011
                 113,            0.017452,          0.00083928,          0.00077815,             0.46139,             0.33333,             0.60308,             0.13194,             0.03736,           0.0093758,          0.00094528,           0.0088912,           0.0088912,           0.0088912
                 114,             0.01804,          0.00087125,          0.00093653,             0.48346,             0.33333,             0.60521,             0.13207,            0.037328,           0.0092911,           0.0013046,           0.0088813,           0.0088813,           0.0088813
                 115,            0.017585,          0.00085633,          0.00073583,             0.49354,             0.49957,             0.56532,             0.13828,            0.037252,           0.0095344,           0.0014145,           0.0088714,           0.0088714,           0.0088714
                 116,             0.01753,          0.00085864,          0.00085664,             0.34511,                 0.6,             0.61111,             0.15151,             0.03711,           0.0099012,            0.001466,           0.0088615,           0.0088615,           0.0088615
                 117,            0.018135,          0.00087157,          0.00084983,             0.38647,             0.53936,             0.60714,             0.15254,            0.036862,           0.0099326,           0.0013298,           0.0088516,           0.0088516,           0.0088516
                 118,            0.017926,          0.00087593,          0.00088453,             0.47909,             0.33333,             0.57627,             0.13673,            0.036982,           0.0096015,           0.0012405,           0.0088417,           0.0088417,           0.0088417
                 119,            0.017636,           0.0008664,          0.00087573,             0.34886,             0.44372,             0.55293,             0.13555,            0.037116,           0.0096754,           0.0012508,           0.0088318,           0.0088318,           0.0088318
                 120,             0.01754,          0.00085121,          0.00080893,             0.36087,             0.50955,             0.56232,             0.13917,            0.037433,            0.010117,           0.0010855,           0.0088219,           0.0088219,           0.0088219
                 121,            0.017515,          0.00088558,          0.00084836,             0.32512,             0.44086,              0.4584,             0.10556,            0.037697,           0.0099913,          0.00098705,            0.008812,            0.008812,            0.008812
                 122,             0.01745,          0.00084365,          0.00089699,             0.45718,                 0.4,             0.43576,            0.094239,            0.037672,            0.010053,          0.00093727,           0.0088021,           0.0088021,           0.0088021
                 123,            0.017627,          0.00085854,          0.00063059,             0.56137,             0.33333,             0.51012,             0.10802,            0.037667,            0.010271,          0.00060196,           0.0087922,           0.0087922,           0.0087922
                 124,            0.017414,          0.00086408,          0.00077909,             0.57018,             0.33333,             0.51035,             0.11178,            0.037862,            0.010295,          0.00059395,           0.0087823,           0.0087823,           0.0087823
                 125,            0.017502,          0.00085899,          0.00090698,             0.57979,             0.33333,             0.42681,             0.10096,            0.038021,            0.010495,          0.00066948,           0.0087724,           0.0087724,           0.0087724
                 126,            0.017645,          0.00084829,          0.00057517,             0.57638,             0.33333,             0.37296,            0.089352,            0.038083,            0.010457,          0.00072899,           0.0087625,           0.0087625,           0.0087625
                 127,            0.017654,          0.00085034,            0.000636,             0.59852,             0.33333,             0.36268,             0.11719,            0.038035,            0.010104,          0.00078793,           0.0087526,           0.0087526,           0.0087526
                 128,            0.017386,          0.00085923,           0.0007672,             0.60952,             0.33333,              0.3587,            0.091389,            0.038104,            0.010078,          0.00087032,           0.0087427,           0.0087427,           0.0087427
                 129,            0.016814,          0.00081389,          0.00060512,             0.61957,             0.33333,             0.36564,            0.094135,            0.038082,            0.010245,          0.00092239,           0.0087328,           0.0087328,           0.0087328
                 130,            0.017062,          0.00084465,           0.0009041,             0.62174,             0.33333,             0.36612,            0.095451,            0.038089,            0.010329,           0.0009304,           0.0087229,           0.0087229,           0.0087229
                 131,            0.017746,          0.00084508,          0.00073641,             0.62115,             0.33333,             0.40967,             0.11801,            0.038032,            0.010519,          0.00088291,            0.008713,            0.008713,            0.008713
                 132,            0.017354,          0.00086809,          0.00094267,             0.62467,             0.33333,             0.41512,             0.11935,            0.037971,            0.010467,          0.00084744,           0.0087031,           0.0087031,           0.0087031
                 133,            0.017425,          0.00084697,          0.00075453,              0.6294,             0.33333,             0.41847,             0.11467,            0.037839,            0.010381,          0.00081139,           0.0086932,           0.0086932,           0.0086932
                 134,            0.018247,          0.00085532,           0.0010323,             0.62395,             0.33333,             0.42544,             0.12215,            0.037725,            0.010547,          0.00075932,           0.0086833,           0.0086833,           0.0086833
                 135,            0.017727,          0.00088527,          0.00088718,             0.61944,             0.33333,             0.42728,             0.12265,            0.037714,             0.01077,          0.00074959,           0.0086734,           0.0086734,           0.0086734
                 136,            0.017329,          0.00085657,          0.00086727,             0.61686,             0.33333,             0.41776,             0.12011,            0.037743,            0.011132,          0.00077477,           0.0086635,           0.0086635,           0.0086635
                 137,            0.017632,          0.00086235,          0.00092252,             0.62017,             0.33333,             0.38276,             0.10098,            0.037791,             0.01135,          0.00074844,           0.0086536,           0.0086536,           0.0086536
                 138,            0.017663,          0.00089065,           0.0010867,             0.61594,             0.33333,             0.38095,            0.097415,             0.03786,            0.011319,          0.00074272,           0.0086437,           0.0086437,           0.0086437
                 139,            0.017329,          0.00085415,          0.00074372,             0.60913,             0.33333,             0.35736,            0.086929,            0.037975,             0.01126,           0.0007473,           0.0086338,           0.0086338,           0.0086338
                 140,            0.017339,          0.00082804,          0.00093431,             0.59833,             0.33333,             0.35374,            0.080922,            0.038043,            0.011056,          0.00073299,           0.0086239,           0.0086239,           0.0086239
                 141,            0.017667,          0.00084282,          0.00073017,               0.597,             0.33333,             0.34895,            0.076141,            0.038164,            0.010914,          0.00075645,            0.008614,            0.008614,            0.008614
                 142,            0.017363,           0.0008434,          0.00066978,              0.5981,             0.33333,             0.34591,            0.074997,            0.038302,            0.010853,          0.00079136,           0.0086041,           0.0086041,           0.0086041
                 143,            0.017126,          0.00086298,           0.0006759,             0.58911,             0.33333,              0.3425,            0.074132,            0.038351,            0.010949,          0.00081997,           0.0085942,           0.0085942,           0.0085942
                 144,            0.017347,          0.00081595,          0.00070411,              0.5822,             0.33333,             0.34113,            0.073319,            0.038434,            0.010934,          0.00084286,           0.0085843,           0.0085843,           0.0085843
                 145,            0.017273,          0.00081968,          0.00090829,              0.5703,             0.33333,             0.34066,            0.073272,            0.038516,            0.010782,          0.00087261,           0.0085744,           0.0085744,           0.0085744
                 146,            0.017025,          0.00087467,          0.00079158,             0.56333,             0.33333,              0.3403,            0.072574,            0.038577,            0.010867,          0.00086861,           0.0085645,           0.0085645,           0.0085645
                 147,            0.017191,          0.00084603,          0.00059755,             0.54633,             0.33333,             0.33995,            0.071485,            0.038638,            0.010806,          0.00086346,           0.0085546,           0.0085546,           0.0085546
                 148,            0.017287,          0.00083408,           0.0010264,             0.55553,             0.33333,             0.33792,            0.070869,             0.03869,            0.010645,           0.0008606,           0.0085447,           0.0085447,           0.0085447
                 149,            0.017342,          0.00090073,          0.00089719,             0.55551,             0.33333,             0.33772,            0.086059,            0.038725,            0.010475,          0.00086632,           0.0085348,           0.0085348,           0.0085348
                 150,            0.017388,           0.0008524,          0.00079779,             0.55499,             0.33333,             0.33903,            0.086704,            0.038769,            0.010305,          0.00087891,           0.0085249,           0.0085249,           0.0085249
                 151,            0.017396,          0.00082781,          0.00060132,             0.56052,             0.33333,             0.33958,            0.069949,            0.038753,            0.010141,          0.00087032,            0.008515,            0.008515,            0.008515
                 152,            0.017231,          0.00084439,          0.00087663,             0.55545,             0.33333,             0.34156,            0.070751,            0.038552,            0.010261,           0.0007719,           0.0085051,           0.0085051,           0.0085051
                 153,            0.017299,          0.00083677,          0.00095652,             0.54879,             0.33333,              0.3425,            0.071074,            0.038403,            0.010267,          0.00070438,           0.0084952,           0.0084952,           0.0084952
                 154,            0.017746,          0.00084606,          0.00094501,             0.56035,             0.33333,             0.34368,            0.071707,            0.038278,            0.010241,           0.0006649,           0.0084853,           0.0084853,           0.0084853
                 155,            0.017426,          0.00084807,           0.0012247,             0.56401,             0.33333,             0.34601,            0.072535,            0.038199,            0.010192,          0.00064316,           0.0084754,           0.0084754,           0.0084754
                 156,            0.017502,          0.00082346,          0.00087598,             0.56321,             0.33333,             0.35002,            0.073838,              0.0381,            0.010216,          0.00063057,           0.0084655,           0.0084655,           0.0084655
                 157,            0.017108,          0.00084219,          0.00080673,             0.56126,             0.33333,             0.35471,             0.07489,            0.038044,            0.010258,           0.0006237,           0.0084556,           0.0084556,           0.0084556
                 158,            0.017418,          0.00084646,          0.00089818,             0.56767,             0.33333,              0.3578,            0.075508,            0.038016,            0.010208,           0.0006197,           0.0084457,           0.0084457,           0.0084457
                 159,            0.017273,          0.00085444,          0.00078097,               0.578,             0.33333,              0.3618,            0.077054,            0.037961,            0.010148,          0.00061569,           0.0084358,           0.0084358,           0.0084358
                 160,            0.017087,          0.00079602,          0.00055626,             0.57494,             0.33333,             0.36645,             0.07928,            0.037903,             0.01009,          0.00061111,           0.0084259,           0.0084259,           0.0084259
                 161,            0.017211,          0.00083487,          0.00086047,             0.57633,             0.33333,             0.36677,            0.079267,            0.037864,            0.010063,          0.00060539,            0.008416,            0.008416,            0.008416
                 162,            0.017356,          0.00085258,          0.00083406,             0.57983,             0.33333,             0.37069,            0.080787,            0.037806,            0.010016,          0.00060081,           0.0084061,           0.0084061,           0.0084061
                 163,            0.017101,          0.00084008,          0.00075692,             0.57524,             0.33333,             0.37704,            0.082843,            0.037734,            0.010019,          0.00059624,           0.0083962,           0.0083962,           0.0083962
                 164,            0.017548,          0.00083699,           0.0011351,             0.57369,             0.33333,             0.38896,            0.086624,            0.037709,           0.0099773,          0.00059681,           0.0083863,           0.0083863,           0.0083863
                 165,            0.017078,          0.00085306,          0.00064638,             0.56922,             0.33333,             0.39032,            0.087351,             0.03768,            0.010005,          0.00059738,           0.0083764,           0.0083764,           0.0083764
                 166,            0.017262,          0.00080989,          0.00086053,             0.56795,             0.33333,             0.39056,            0.086701,            0.037681,            0.010061,          0.00060081,           0.0083665,           0.0083665,           0.0083665
                 167,            0.017298,          0.00083339,          0.00071452,             0.55934,             0.33333,             0.39172,            0.086767,            0.037657,            0.010058,          0.00059853,           0.0083566,           0.0083566,           0.0083566
                 168,            0.016899,          0.00081796,          0.00079276,             0.55605,             0.33333,             0.38919,             0.10139,            0.037639,            0.010061,          0.00059681,           0.0083467,           0.0083467,           0.0083467
                 169,            0.017074,          0.00083263,          0.00072033,             0.55454,             0.33333,             0.38844,              0.1011,            0.037643,            0.010134,          0.00059567,           0.0083368,           0.0083368,           0.0083368
                 170,            0.016882,          0.00082596,          0.00072466,             0.53812,             0.33333,             0.39006,            0.085946,            0.037647,            0.010189,          0.00059738,           0.0083269,           0.0083269,           0.0083269
                 171,            0.016734,          0.00082391,          0.00063064,             0.52217,             0.33333,             0.39333,            0.086176,            0.037636,            0.010225,          0.00059853,            0.008317,            0.008317,            0.008317
                 172,            0.016325,           0.0007854,          0.00065094,              0.5248,             0.33333,             0.39348,             0.08602,            0.037639,            0.010262,          0.00059795,           0.0083071,           0.0083071,           0.0083071
                 173,            0.017186,          0.00085641,          0.00076966,             0.53635,             0.33333,             0.39255,            0.085632,            0.037631,            0.010254,          0.00059795,           0.0082972,           0.0082972,           0.0082972
                 174,            0.017377,           0.0008671,          0.00076883,              0.5415,             0.33333,             0.38712,            0.084358,            0.037617,            0.010272,          0.00059853,           0.0082873,           0.0082873,           0.0082873
                 175,            0.016972,          0.00084944,           0.0010784,             0.54001,             0.33333,             0.38588,            0.083922,            0.037614,            0.010293,          0.00059681,           0.0082774,           0.0082774,           0.0082774
                 176,            0.017229,          0.00081461,          0.00052264,             0.54244,             0.33333,              0.3823,            0.082846,            0.037615,            0.010381,          0.00060081,           0.0082675,           0.0082675,           0.0082675
                 177,            0.017228,           0.0008201,          0.00068857,             0.54354,             0.33333,             0.37057,             0.07917,            0.037616,            0.010395,          0.00060654,           0.0082576,           0.0082576,           0.0082576
                 178,            0.017245,          0.00080802,          0.00072462,             0.54322,             0.33333,              0.3704,            0.079208,            0.037577,            0.010428,          0.00060997,           0.0082477,           0.0082477,           0.0082477
                 179,            0.017167,          0.00084704,          0.00099723,             0.54485,             0.33333,             0.38303,            0.083106,            0.037538,            0.010437,          0.00060711,           0.0082378,           0.0082378,           0.0082378
                 180,            0.016983,          0.00083186,          0.00087299,             0.55065,             0.33333,             0.38462,            0.083883,            0.037502,            0.010458,          0.00060596,           0.0082279,           0.0082279,           0.0082279
                 181,            0.017054,          0.00082842,          0.00079099,             0.55043,             0.33333,             0.38629,            0.084168,            0.037495,            0.010492,          0.00060368,            0.008218,            0.008218,            0.008218
                 182,            0.016654,          0.00081876,          0.00053347,             0.55061,             0.33333,             0.38831,            0.084471,            0.037485,            0.010503,          0.00060482,           0.0082081,           0.0082081,           0.0082081
                 183,            0.017082,           0.0008352,          0.00061307,             0.54927,             0.33333,              0.4229,            0.094654,            0.037452,            0.010515,          0.00060711,           0.0081982,           0.0081982,           0.0081982
                 184,            0.016775,          0.00082989,          0.00072387,             0.55072,             0.33333,              0.4227,            0.094488,            0.037451,            0.010526,          0.00060768,           0.0081883,           0.0081883,           0.0081883
                 185,            0.016877,          0.00084931,          0.00090623,             0.54832,             0.33333,              0.4235,            0.094627,            0.037424,            0.010525,          0.00060768,           0.0081784,           0.0081784,           0.0081784
                 186,            0.016607,          0.00082189,          0.00070221,             0.54691,             0.33333,              0.4231,             0.09443,            0.037383,            0.010595,          0.00060596,           0.0081685,           0.0081685,           0.0081685
                 187,            0.016977,          0.00082868,          0.00070201,             0.54553,             0.33333,              0.4242,            0.094759,            0.037335,            0.010634,          0.00060596,           0.0081586,           0.0081586,           0.0081586
                 188,            0.017077,          0.00082037,          0.00050512,             0.53867,             0.33333,             0.42499,             0.09498,            0.037307,            0.010621,          0.00060711,           0.0081487,           0.0081487,           0.0081487
                 189,            0.017117,           0.0008194,          0.00076293,             0.53563,             0.33333,             0.42471,            0.094861,            0.037285,            0.010617,          0.00060825,           0.0081388,           0.0081388,           0.0081388
                 190,            0.016179,          0.00080806,          0.00074999,             0.53045,             0.33333,              0.4237,              0.0945,            0.037262,             0.01062,          0.00060883,           0.0081289,           0.0081289,           0.0081289
                 191,            0.017084,           0.0008294,          0.00089511,              0.5296,             0.33333,             0.42572,            0.094969,            0.037233,            0.010606,          0.00060825,            0.008119,            0.008119,            0.008119
                 192,            0.016481,          0.00081436,          0.00052677,             0.52403,             0.33333,             0.42443,            0.094708,            0.037211,            0.010596,          0.00060825,           0.0081091,           0.0081091,           0.0081091
                 193,            0.016461,          0.00080975,          0.00070433,             0.52525,             0.33333,             0.42601,            0.095089,            0.037195,             0.01057,          0.00060997,           0.0080992,           0.0080992,           0.0080992
                 194,            0.017106,          0.00082335,          0.00069722,             0.52067,             0.33333,             0.43034,            0.096036,            0.037175,            0.010579,          0.00060997,           0.0080893,           0.0080893,           0.0080893
                 195,            0.016731,          0.00083722,          0.00084605,             0.52033,             0.33333,             0.44015,            0.098106,            0.037183,            0.010615,           0.0006134,           0.0080794,           0.0080794,           0.0080794
                 196,            0.017279,          0.00082488,           0.0010963,             0.51803,             0.33333,             0.44081,             0.11435,            0.037155,            0.010678,          0.00061226,           0.0080695,           0.0080695,           0.0080695
                 197,            0.016875,          0.00081687,          0.00078643,             0.52131,             0.33333,             0.44208,             0.11466,            0.037124,            0.010688,          0.00061283,           0.0080596,           0.0080596,           0.0080596
                 198,            0.016156,          0.00080118,           0.0005755,              0.5269,             0.33333,             0.44245,             0.11481,            0.037102,            0.010632,          0.00061626,           0.0080497,           0.0080497,           0.0080497
                 199,            0.016936,          0.00085116,          0.00081143,             0.53829,             0.33333,             0.44278,             0.11499,            0.037086,            0.010612,          0.00061741,           0.0080398,           0.0080398,           0.0080398
                 200,            0.016599,           0.0008034,          0.00055584,             0.54139,             0.33333,             0.44245,              0.1149,            0.037073,            0.010601,          0.00061741,           0.0080299,           0.0080299,           0.0080299
                 201,            0.016739,          0.00079784,          0.00062757,             0.54679,             0.33333,             0.44245,             0.13147,            0.037059,            0.010586,           0.0006197,             0.00802,             0.00802,             0.00802
                 202,            0.016458,          0.00079354,          0.00059486,             0.54691,             0.33333,             0.44284,              0.1316,            0.037055,            0.010579,          0.00062141,           0.0080101,           0.0080101,           0.0080101
                 203,            0.016915,            0.000799,            0.000883,             0.54673,             0.33333,             0.44167,             0.13416,            0.037045,            0.010577,          0.00062542,           0.0080002,           0.0080002,           0.0080002
                 204,            0.016873,          0.00081887,          0.00062334,             0.54556,             0.33333,             0.44014,             0.13367,            0.037049,            0.010567,             0.00063,           0.0079903,           0.0079903,           0.0079903
                 205,            0.016438,          0.00080554,          0.00068721,             0.54978,             0.33333,             0.43116,             0.13095,            0.037031,            0.010583,          0.00063343,           0.0079804,           0.0079804,           0.0079804
                 206,            0.017227,          0.00083681,           0.0011863,             0.54948,             0.33333,              0.4257,             0.12761,            0.037023,            0.010608,          0.00063744,           0.0079705,           0.0079705,           0.0079705
                 207,            0.016573,          0.00081428,          0.00057725,             0.54557,             0.33333,             0.42395,             0.12723,            0.037035,            0.010601,           0.0006403,           0.0079606,           0.0079606,           0.0079606
                 208,            0.016701,          0.00079648,          0.00087051,             0.53922,             0.33333,             0.42283,             0.12684,            0.037037,            0.010643,          0.00064659,           0.0079507,           0.0079507,           0.0079507
                 209,            0.016729,          0.00080017,          0.00079483,             0.54067,             0.33333,             0.38899,             0.10057,            0.037037,            0.010633,          0.00065117,           0.0079408,           0.0079408,           0.0079408
                 210,            0.016469,          0.00080644,          0.00065807,             0.54324,             0.33333,             0.38721,             0.10008,             0.03706,            0.010585,          0.00065575,           0.0079309,           0.0079309,           0.0079309
                 211,            0.016705,          0.00080477,          0.00067067,             0.54206,             0.33333,             0.37445,             0.09641,            0.037053,            0.010567,          0.00065975,            0.007921,            0.007921,            0.007921
                 212,            0.016554,          0.00082548,          0.00049138,             0.54678,             0.33333,             0.37278,            0.096936,            0.037024,            0.010599,          0.00065861,           0.0079111,           0.0079111,           0.0079111
                 213,            0.016559,          0.00077953,          0.00051452,             0.55135,             0.33333,             0.36652,            0.095032,            0.037005,            0.010596,          0.00065975,           0.0079012,           0.0079012,           0.0079012
                 214,            0.016275,          0.00080533,          0.00067742,             0.55278,             0.33333,             0.36242,            0.093775,            0.037009,            0.010573,          0.00066547,           0.0078913,           0.0078913,           0.0078913
                 215,            0.016631,          0.00081636,          0.00060634,             0.55334,             0.33333,             0.35621,            0.091906,            0.037017,            0.010532,           0.0006712,           0.0078814,           0.0078814,           0.0078814
                 216,            0.016501,          0.00082372,          0.00079867,             0.55534,             0.33333,             0.35508,            0.091555,            0.037011,            0.010478,          0.00068092,           0.0078715,           0.0078715,           0.0078715
                 217,            0.016898,          0.00081487,          0.00092396,             0.55193,             0.33333,             0.35401,            0.091204,            0.037012,            0.010457,          0.00068836,           0.0078616,           0.0078616,           0.0078616
                 218,            0.016641,          0.00082224,          0.00068651,             0.55053,             0.33333,             0.35398,            0.091177,            0.036992,            0.010429,          0.00069237,           0.0078517,           0.0078517,           0.0078517
                 219,            0.016875,          0.00081176,          0.00088536,             0.54796,             0.33333,             0.35342,            0.085452,            0.036984,             0.01036,          0.00069923,           0.0078418,           0.0078418,           0.0078418
                 220,             0.01638,          0.00082261,          0.00089508,             0.54915,             0.33333,             0.35284,            0.082509,            0.036989,            0.010336,          0.00071011,           0.0078319,           0.0078319,           0.0078319
                 221,            0.017185,          0.00084281,          0.00089451,             0.54477,             0.33333,             0.35294,            0.082547,            0.036981,            0.010321,          0.00071926,            0.007822,            0.007822,            0.007822
                 222,            0.016914,          0.00083673,          0.00070192,             0.54737,             0.33333,             0.35162,             0.08218,            0.036968,            0.010279,          0.00072098,           0.0078121,           0.0078121,           0.0078121
                 223,            0.016356,          0.00079314,           0.0006161,             0.54134,             0.33333,             0.35083,            0.081961,            0.036977,            0.010231,          0.00072441,           0.0078022,           0.0078022,           0.0078022
                 224,            0.016842,          0.00078861,          0.00083051,             0.53857,             0.33333,             0.35043,            0.079071,             0.03698,            0.010236,          0.00073071,           0.0077923,           0.0077923,           0.0077923
                 225,             0.01673,          0.00079493,           0.0005379,             0.53808,             0.33333,             0.35091,            0.078473,            0.036981,            0.010239,            0.000737,           0.0077824,           0.0077824,           0.0077824
                 226,            0.017087,          0.00079895,          0.00092192,             0.53889,             0.33333,             0.35051,            0.078343,            0.036983,            0.010274,          0.00074101,           0.0077725,           0.0077725,           0.0077725
                 227,            0.015949,          0.00079654,          0.00055732,             0.53718,             0.33333,             0.35009,            0.077136,            0.036972,            0.010352,          0.00074902,           0.0077626,           0.0077626,           0.0077626
                 228,            0.016725,          0.00079815,          0.00076117,             0.53689,             0.33333,              0.3495,            0.076927,            0.036969,            0.010405,          0.00075703,           0.0077527,           0.0077527,           0.0077527
                 229,            0.016814,          0.00081878,          0.00095873,             0.53917,             0.33333,             0.34969,             0.07695,             0.03696,            0.010436,          0.00076218,           0.0077428,           0.0077428,           0.0077428
                 230,            0.016452,          0.00081995,          0.00062957,             0.53426,             0.33333,             0.34931,            0.076554,            0.036961,            0.010429,          0.00076561,           0.0077329,           0.0077329,           0.0077329
                 231,            0.016517,          0.00081263,          0.00059763,             0.53667,             0.33333,             0.34969,            0.076671,            0.036959,            0.010403,          0.00077248,            0.007723,            0.007723,            0.007723
                 232,             0.01667,          0.00080637,          0.00084304,             0.53622,             0.33333,              0.3503,            0.076913,            0.036959,            0.010417,          0.00077705,           0.0077131,           0.0077131,           0.0077131
                 233,            0.016639,          0.00080587,          0.00060681,             0.54027,             0.33333,             0.34969,            0.073945,            0.036943,              0.0104,          0.00078049,           0.0077032,           0.0077032,           0.0077032
                 234,            0.016568,          0.00081059,          0.00047456,              0.5436,             0.33333,             0.34859,            0.073636,            0.036936,             0.01041,          0.00077991,           0.0076933,           0.0076933,           0.0076933
                 235,            0.016207,           0.0007831,          0.00062088,             0.54688,             0.33333,             0.34796,             0.07357,            0.036933,            0.010396,          0.00077934,           0.0076834,           0.0076834,           0.0076834
                 236,            0.016649,          0.00079943,           0.0005923,             0.55227,             0.33333,             0.34795,            0.073532,             0.03693,            0.010366,          0.00078049,           0.0076735,           0.0076735,           0.0076735
                 237,            0.016641,          0.00083066,          0.00080594,             0.55518,             0.33333,             0.34854,            0.076787,            0.036926,            0.010362,          0.00078449,           0.0076636,           0.0076636,           0.0076636
                 238,             0.01706,          0.00085014,          0.00094049,             0.55473,             0.33333,             0.34811,            0.076695,            0.036908,            0.010373,          0.00078506,           0.0076537,           0.0076537,           0.0076537
                 239,            0.016739,          0.00083038,          0.00074989,             0.55296,             0.33333,             0.34797,            0.076302,            0.036903,            0.010323,          0.00079365,           0.0076438,           0.0076438,           0.0076438
                 240,            0.016243,          0.00078553,           0.0008602,             0.55595,             0.33333,             0.34786,            0.075962,            0.036909,            0.010288,          0.00080051,           0.0076339,           0.0076339,           0.0076339
                 241,            0.016394,          0.00080136,          0.00074399,             0.56158,             0.33333,             0.34782,             0.10605,            0.036935,            0.010207,          0.00081024,            0.007624,            0.007624,            0.007624
                 242,            0.016467,          0.00078941,          0.00072371,             0.56176,             0.33333,             0.34755,             0.10595,            0.036931,            0.010145,          0.00081997,           0.0076141,           0.0076141,           0.0076141
                 243,            0.016403,          0.00081082,           0.0007587,              0.5657,             0.33333,              0.3472,             0.10581,            0.036931,            0.010122,          0.00082798,           0.0076042,           0.0076042,           0.0076042
                 244,              0.0164,            0.000799,          0.00093313,             0.57015,             0.33333,             0.34713,              0.1058,            0.036913,            0.010094,          0.00083199,           0.0075943,           0.0075943,           0.0075943
                 245,            0.016454,          0.00080757,          0.00062034,             0.57459,             0.33333,             0.34632,              0.1055,            0.036894,            0.010047,          0.00083256,           0.0075844,           0.0075844,           0.0075844
                 246,            0.016463,          0.00079593,          0.00066663,             0.57713,             0.33333,             0.34581,             0.10515,            0.036881,            0.010036,           0.0008337,           0.0075745,           0.0075745,           0.0075745
                 247,            0.016658,          0.00079493,          0.00086118,             0.57817,             0.33333,             0.34534,             0.10497,            0.036866,            0.010008,             0.00084,           0.0075646,           0.0075646,           0.0075646
                 248,            0.016239,           0.0007981,           0.0005567,             0.57749,             0.33333,             0.34494,             0.10482,            0.036865,           0.0099791,          0.00084686,           0.0075547,           0.0075547,           0.0075547
                 249,            0.016463,           0.0008008,          0.00067711,             0.57932,             0.33333,             0.34486,             0.10478,            0.036844,           0.0099772,          0.00085258,           0.0075448,           0.0075448,           0.0075448
                 250,            0.016178,          0.00080176,          0.00053697,           0.0080321,             0.13333,           0.0071522,           0.0027031,            0.036839,             0.00999,          0.00086174,           0.0075349,           0.0075349,           0.0075349
                 251,            0.016276,          0.00081929,          0.00058617,             0.57716,             0.33333,             0.34427,             0.10472,            0.036833,            0.010014,          0.00086975,            0.007525,            0.007525,            0.007525
                 252,            0.016385,          0.00079098,          0.00070595,             0.57728,             0.33333,             0.34417,             0.10451,            0.036827,            0.010019,          0.00087547,           0.0075151,           0.0075151,           0.0075151
                 253,            0.016164,          0.00079121,          0.00075781,             0.57512,             0.33333,             0.34371,             0.10449,            0.036841,            0.010011,           0.0008812,           0.0075052,           0.0075052,           0.0075052
                 254,            0.016539,          0.00081151,          0.00062277,             0.57405,             0.33333,             0.34341,             0.10438,            0.036822,           0.0099942,          0.00088062,           0.0074953,           0.0074953,           0.0074953
                 255,            0.016263,          0.00079007,          0.00051468,             0.57225,             0.33333,             0.34318,             0.10431,            0.036815,           0.0099793,          0.00088062,           0.0074854,           0.0074854,           0.0074854
                 256,            0.016254,          0.00081002,          0.00095853,             0.56674,             0.33333,              0.3431,             0.10409,             0.03682,           0.0099389,          0.00088634,           0.0074755,           0.0074755,           0.0074755
                 257,            0.016379,           0.0007829,            0.000811,             0.56357,             0.33333,              0.3431,             0.10409,            0.036823,           0.0098706,          0.00089722,           0.0074656,           0.0074656,           0.0074656
                 258,            0.016281,          0.00080146,          0.00087107,             0.55912,             0.33333,             0.34303,             0.10361,            0.036842,           0.0098199,          0.00091038,           0.0074557,           0.0074557,           0.0074557
                 259,            0.016655,          0.00081613,          0.00075662,              0.5502,             0.33333,              0.3431,             0.10358,            0.036848,           0.0097976,          0.00091782,           0.0074458,           0.0074458,           0.0074458
                 260,            0.016341,          0.00080426,          0.00054638,             0.54316,             0.33333,              0.3431,             0.10356,            0.036851,           0.0097975,           0.0009264,           0.0074359,           0.0074359,           0.0074359
                 261,            0.016518,          0.00082721,          0.00080402,             0.54537,             0.33333,              0.3431,             0.10354,            0.036838,           0.0097926,           0.0009304,            0.007426,            0.007426,            0.007426
                 262,            0.016861,           0.0008114,          0.00069496,             0.54528,             0.33333,             0.34318,             0.10356,             0.03681,           0.0097715,           0.0009367,           0.0074161,           0.0074161,           0.0074161
                 263,            0.016235,          0.00082202,          0.00065429,              0.5382,             0.33333,             0.34318,             0.10352,            0.036805,           0.0097774,          0.00094299,           0.0074062,           0.0074062,           0.0074062
                 264,            0.016054,          0.00079665,          0.00064801,             0.53829,             0.33333,             0.34318,             0.10382,            0.036788,           0.0097884,          0.00094814,           0.0073963,           0.0073963,           0.0073963
                 265,            0.016395,          0.00079448,          0.00082836,             0.54014,             0.33333,             0.34335,             0.10386,            0.036769,           0.0098032,          0.00095272,           0.0073864,           0.0073864,           0.0073864
                 266,            0.016551,          0.00078602,          0.00060942,             0.54261,             0.33333,             0.34326,             0.10384,            0.036756,           0.0097973,          0.00095787,           0.0073765,           0.0073765,           0.0073765
                 267,            0.016095,          0.00080094,          0.00053497,             0.54115,             0.33333,             0.34303,             0.10376,            0.036727,           0.0097954,          0.00096359,           0.0073666,           0.0073666,           0.0073666
                 268,            0.016375,          0.00081074,          0.00072397,             0.54498,             0.33333,             0.34326,             0.10385,             0.03671,           0.0097874,          0.00096645,           0.0073567,           0.0073567,           0.0073567
                 269,            0.016313,          0.00076726,          0.00047831,             0.54645,             0.33333,             0.34295,             0.10374,            0.036699,           0.0097667,           0.0009716,           0.0073468,           0.0073468,           0.0073468
                 270,            0.016149,          0.00079445,          0.00051496,             0.54686,             0.33333,             0.34318,             0.10383,            0.036686,           0.0097442,          0.00097504,           0.0073369,           0.0073369,           0.0073369
                 271,            0.016064,          0.00081323,          0.00058272,             0.54692,             0.33333,              0.3436,             0.10397,            0.036691,           0.0097089,           0.0009819,            0.007327,            0.007327,            0.007327
                 272,            0.016317,          0.00079781,          0.00085215,             0.54845,             0.33333,             0.34395,              0.1041,            0.036678,           0.0096524,          0.00099564,           0.0073171,           0.0073171,           0.0073171
                 273,            0.016463,          0.00077379,          0.00058328,             0.54866,             0.33333,             0.34404,             0.10413,            0.036669,           0.0096731,           0.0010151,           0.0073072,           0.0073072,           0.0073072
                 274,            0.016154,          0.00080722,          0.00045231,             0.54731,             0.33333,             0.34423,             0.10419,            0.036667,           0.0096312,           0.0010334,           0.0072973,           0.0072973,           0.0072973
                 275,            0.016021,          0.00079459,          0.00057477,             0.54737,             0.33333,             0.34442,             0.10426,            0.036661,           0.0096149,           0.0010414,           0.0072874,           0.0072874,           0.0072874
                 276,            0.016081,          0.00079595,          0.00089303,             0.54699,             0.33333,             0.34452,              0.1043,            0.036652,           0.0096196,           0.0010431,           0.0072775,           0.0072775,           0.0072775
                 277,             0.01613,          0.00080841,          0.00046227,             0.55095,             0.33333,             0.34452,             0.10431,            0.036639,            0.009611,           0.0010506,           0.0072676,           0.0072676,           0.0072676
                 278,            0.016197,          0.00078982,           0.0004965,             0.55072,             0.33333,             0.34483,             0.10442,            0.036666,           0.0095761,           0.0010637,           0.0072577,           0.0072577,           0.0072577
                 279,            0.015694,          0.00078608,          0.00054691,             0.55244,             0.33333,             0.34572,             0.10463,             0.03666,           0.0095467,           0.0010752,           0.0072478,           0.0072478,           0.0072478
                 280,            0.016145,          0.00076954,          0.00041082,              0.5533,             0.33333,             0.34584,             0.10467,            0.036672,           0.0095222,           0.0010872,           0.0072379,           0.0072379,           0.0072379
                 281,            0.015505,          0.00078196,          0.00057262,             0.55531,             0.33333,             0.34609,             0.10476,            0.036668,           0.0094783,           0.0010952,            0.007228,            0.007228,            0.007228
                 282,             0.01605,          0.00077592,          0.00049038,             0.55165,             0.33333,             0.34634,             0.10486,            0.036667,           0.0094136,           0.0010941,           0.0072181,           0.0072181,           0.0072181
                 283,            0.016112,          0.00075922,          0.00069564,              0.5536,             0.33333,             0.34688,             0.10505,            0.036665,           0.0093394,           0.0011078,           0.0072082,           0.0072082,           0.0072082
                 284,            0.015891,          0.00075372,          0.00059578,             0.55171,             0.33333,             0.34688,             0.10504,            0.036675,           0.0093088,           0.0011209,           0.0071983,           0.0071983,           0.0071983
                 285,            0.016023,           0.0007849,          0.00081562,             0.55363,             0.33333,             0.34702,             0.10511,            0.036688,           0.0092506,            0.001129,           0.0071884,           0.0071884,           0.0071884
                 286,             0.01617,          0.00081259,          0.00068904,             0.55502,             0.33333,             0.34746,             0.10525,            0.036698,            0.009231,           0.0011353,           0.0071785,           0.0071785,           0.0071785
                 287,            0.016231,          0.00080959,           0.0010216,             0.55839,             0.33333,             0.34746,             0.10526,            0.036705,           0.0092037,           0.0011312,           0.0071686,           0.0071686,           0.0071686
                 288,            0.016583,          0.00078915,          0.00083621,             0.55775,             0.33333,             0.34688,             0.10507,            0.036693,           0.0091938,           0.0011335,           0.0071587,           0.0071587,           0.0071587
                 289,            0.016305,          0.00079936,          0.00066879,             0.55625,             0.33333,             0.34674,             0.10502,            0.036665,           0.0091949,           0.0011507,           0.0071488,           0.0071488,           0.0071488
                 290,             0.01589,          0.00079782,          0.00047771,             0.55522,             0.33333,             0.34661,             0.10497,            0.036646,           0.0091537,           0.0011581,           0.0071389,           0.0071389,           0.0071389
                 291,            0.015814,          0.00077178,          0.00056545,             0.55804,             0.33333,             0.34661,              0.1052,            0.036624,           0.0091263,           0.0011684,            0.007129,            0.007129,            0.007129
                 292,            0.016123,          0.00079169,           0.0005635,             0.55793,             0.33333,             0.34655,             0.11624,            0.036615,           0.0091119,           0.0011822,           0.0071191,           0.0071191,           0.0071191
                 293,            0.016177,          0.00076286,          0.00074681,             0.56114,             0.33333,             0.34661,             0.11627,            0.036605,           0.0091189,           0.0011913,           0.0071092,           0.0071092,           0.0071092
                 294,            0.016172,          0.00078201,          0.00059813,             0.55798,             0.33333,             0.34622,             0.11614,            0.036592,           0.0091548,           0.0012039,           0.0070993,           0.0070993,           0.0070993
                 295,             0.01563,          0.00078882,          0.00065539,             0.55202,             0.33333,             0.34598,             0.11605,            0.036576,           0.0091808,           0.0012028,           0.0070894,           0.0070894,           0.0070894
                 296,            0.016151,          0.00079742,           0.0007902,             0.55071,             0.33333,             0.34598,             0.11605,            0.036563,           0.0091777,           0.0012016,           0.0070795,           0.0070795,           0.0070795
                 297,            0.016358,          0.00080376,          0.00087078,             0.54871,             0.33333,             0.34573,             0.11596,            0.036562,           0.0091841,           0.0011971,           0.0070696,           0.0070696,           0.0070696
                 298,            0.015952,          0.00076695,          0.00045656,             0.54838,             0.33333,             0.34611,              0.1161,            0.036551,           0.0091807,           0.0011982,           0.0070597,           0.0070597,           0.0070597
                 299,            0.015575,           0.0007784,             0.00068,              0.5466,             0.33333,             0.34648,             0.12177,            0.036559,           0.0091579,           0.0012039,           0.0070498,           0.0070498,           0.0070498
                 300,            0.016216,          0.00076572,           0.0007938,             0.54448,             0.33333,             0.34672,             0.12187,            0.036556,           0.0091694,           0.0012177,           0.0070399,           0.0070399,           0.0070399
                 301,             0.01594,          0.00078788,          0.00056038,             0.53685,             0.33333,             0.34687,             0.12192,            0.036556,           0.0091602,           0.0012234,             0.00703,             0.00703,             0.00703
                 302,            0.015922,          0.00076644,          0.00043746,             0.53145,             0.33333,             0.34694,             0.12196,            0.036558,           0.0091345,           0.0012222,           0.0070201,           0.0070201,           0.0070201
                 303,            0.016037,          0.00075646,           0.0006226,             0.52457,             0.33333,             0.34639,             0.12176,            0.036577,           0.0091457,           0.0012199,           0.0070102,           0.0070102,           0.0070102
                 304,            0.016382,          0.00079016,          0.00062144,             0.52333,             0.33333,             0.34682,             0.12192,            0.036552,            0.009162,           0.0012188,           0.0070003,           0.0070003,           0.0070003
                 305,            0.015877,          0.00079272,          0.00064658,             0.51492,             0.33333,             0.34636,              0.1219,            0.036549,           0.0091473,           0.0012222,           0.0069904,           0.0069904,           0.0069904
                 306,            0.016005,          0.00078641,          0.00071367,             0.51788,             0.33333,             0.34594,             0.12174,            0.036549,           0.0091453,           0.0012177,           0.0069805,           0.0069805,           0.0069805
                 307,             0.01575,          0.00079452,          0.00053436,             0.51189,             0.33333,             0.34586,             0.12171,            0.036566,           0.0091374,           0.0012085,           0.0069706,           0.0069706,           0.0069706
                 308,            0.015983,          0.00075774,          0.00047582,             0.50792,             0.33333,             0.34581,             0.10511,            0.036588,           0.0091245,           0.0012016,           0.0069607,           0.0069607,           0.0069607
                 309,            0.015877,          0.00078209,          0.00058584,             0.50142,             0.33333,             0.34551,             0.10499,            0.036606,           0.0091359,           0.0011879,           0.0069508,           0.0069508,           0.0069508
                 310,            0.015889,           0.0007682,          0.00045288,             0.48996,             0.33333,             0.34524,             0.12147,            0.036617,            0.009151,           0.0011776,           0.0069409,           0.0069409,           0.0069409
                 311,            0.015628,          0.00078454,          0.00059046,              0.4766,             0.33333,             0.34537,             0.10493,            0.036645,           0.0091642,           0.0011719,            0.006931,            0.006931,            0.006931
                 312,            0.015644,          0.00076166,          0.00056581,             0.43871,             0.33333,             0.34534,             0.10493,            0.036665,           0.0091481,           0.0011833,           0.0069211,           0.0069211,           0.0069211
                 313,            0.015713,          0.00078424,          0.00051024,             0.43449,             0.33333,             0.34523,             0.10489,            0.036672,           0.0091405,           0.0011936,           0.0069112,           0.0069112,           0.0069112
                 314,            0.016026,           0.0007937,          0.00074967,             0.44287,             0.33333,              0.3454,             0.10495,            0.036686,           0.0091734,           0.0011959,           0.0069013,           0.0069013,           0.0069013
                 315,            0.015922,          0.00075724,          0.00044705,             0.44344,             0.33333,             0.34538,             0.10494,            0.036705,           0.0091476,           0.0011936,           0.0068914,           0.0068914,           0.0068914
                 316,            0.015659,          0.00077845,           0.0006768,             0.44339,             0.33333,              0.3458,              0.1051,             0.03671,           0.0091214,           0.0012028,           0.0068815,           0.0068815,           0.0068815
                 317,            0.015822,          0.00078219,           0.0004782,             0.43034,             0.33333,             0.34537,             0.10494,            0.036732,           0.0091598,           0.0012085,           0.0068716,           0.0068716,           0.0068716
                 318,            0.015496,          0.00076261,          0.00055136,            0.044579,             0.33333,              0.3452,             0.10487,            0.036766,           0.0091451,           0.0012119,           0.0068617,           0.0068617,           0.0068617
                 319,            0.015557,          0.00075135,          0.00042741,            0.035347,             0.33333,             0.34495,             0.10478,            0.036784,           0.0091374,           0.0012188,           0.0068518,           0.0068518,           0.0068518
                 320,            0.015868,          0.00078574,          0.00038124,            0.033385,             0.33333,             0.34512,             0.10484,            0.036812,           0.0091327,           0.0012302,           0.0068419,           0.0068419,           0.0068419
                 321,            0.015943,          0.00077149,          0.00061059,            0.018582,             0.33333,             0.34507,             0.10482,            0.036839,           0.0091331,           0.0012405,            0.006832,            0.006832,            0.006832
                 322,            0.015622,          0.00076932,          0.00041037,            0.013484,             0.33333,             0.34505,             0.10482,            0.036857,           0.0091462,           0.0012394,           0.0068221,           0.0068221,           0.0068221
                 323,            0.015782,           0.0007931,          0.00065867,            0.013463,             0.33333,             0.34469,             0.10468,            0.036862,           0.0091511,            0.001236,           0.0068122,           0.0068122,           0.0068122
                 324,            0.015758,          0.00077073,          0.00068965,            0.010416,             0.33333,             0.34359,             0.10423,            0.036868,           0.0091349,           0.0012383,           0.0068023,           0.0068023,           0.0068023
                 325,            0.016066,          0.00079126,          0.00056313,            0.013467,             0.33333,             0.34469,             0.10468,            0.036843,           0.0091441,           0.0012302,           0.0067924,           0.0067924,           0.0067924
                 326,            0.016121,          0.00077491,          0.00059449,            0.018124,             0.33333,             0.34535,             0.10493,            0.036836,           0.0091176,           0.0012291,           0.0067825,           0.0067825,           0.0067825
                 327,            0.015879,          0.00077159,          0.00055364,            0.018267,             0.33333,             0.34552,               0.105,             0.03683,           0.0090999,           0.0012325,           0.0067726,           0.0067726,           0.0067726
                 328,            0.015547,            0.000778,          0.00045464,            0.020768,             0.33333,             0.34567,             0.10505,             0.03683,           0.0090658,           0.0012325,           0.0067627,           0.0067627,           0.0067627
                 329,            0.015561,          0.00078073,          0.00046933,            0.033728,             0.33333,              0.3464,             0.10534,            0.036834,           0.0090189,            0.001244,           0.0067528,           0.0067528,           0.0067528
                 330,            0.015844,          0.00076505,          0.00056571,            0.035079,             0.33333,             0.34677,             0.10544,            0.036831,           0.0089571,           0.0012463,           0.0067429,           0.0067429,           0.0067429
                 331,            0.015549,          0.00078577,          0.00053805,            0.041721,             0.33333,             0.34731,             0.10562,            0.036815,            0.008944,            0.001252,            0.006733,            0.006733,            0.006733
                 332,            0.015645,          0.00075915,          0.00052912,            0.041817,             0.33333,             0.34758,             0.10573,            0.036807,           0.0089084,            0.001268,           0.0067231,           0.0067231,           0.0067231
                 333,            0.015513,          0.00075993,          0.00043012,            0.042115,             0.33333,             0.34814,              0.1059,            0.036814,           0.0088521,           0.0012863,           0.0067132,           0.0067132,           0.0067132
                 334,            0.015686,          0.00076716,          0.00052121,            0.036918,             0.33333,             0.34812,              0.1059,            0.036813,           0.0088243,           0.0013035,           0.0067033,           0.0067033,           0.0067033
                 335,             0.01562,          0.00080136,          0.00080399,            0.042575,             0.33333,             0.34815,             0.10591,            0.036814,           0.0088089,           0.0013012,           0.0066934,           0.0066934,           0.0066934
                 336,            0.015265,          0.00076724,          0.00052422,            0.035729,             0.33333,             0.34792,             0.10581,            0.036799,           0.0088499,           0.0012691,           0.0066835,           0.0066835,           0.0066835
                 337,            0.015667,          0.00076204,          0.00057367,            0.033337,             0.33333,             0.34717,             0.10556,            0.036791,            0.008855,           0.0012451,           0.0066736,           0.0066736,           0.0066736
                 338,            0.015838,          0.00079268,          0.00051484,             0.01737,             0.33333,             0.34675,             0.10541,            0.036787,           0.0088629,           0.0012211,           0.0066637,           0.0066637,           0.0066637
                 339,             0.01586,          0.00077841,          0.00092442,             0.02105,                 0.4,             0.34617,             0.10522,             0.03676,           0.0088537,           0.0012085,           0.0066538,           0.0066538,           0.0066538
                 340,            0.015512,          0.00075551,          0.00055789,             0.01429,                 0.4,             0.34592,             0.10513,            0.036742,           0.0088169,           0.0012039,           0.0066439,           0.0066439,           0.0066439
                 341,            0.015815,          0.00077826,           0.0005288,             0.01464,             0.46667,             0.34607,              0.1052,            0.036713,           0.0087864,           0.0012039,            0.006634,            0.006634,            0.006634
                 342,            0.015951,          0.00075381,          0.00053474,            0.016626,                 0.6,             0.34605,             0.10519,            0.036666,           0.0087721,           0.0012051,           0.0066241,           0.0066241,           0.0066241
                 343,            0.015257,          0.00076786,          0.00055839,            0.016418,                 0.6,             0.34563,             0.12162,             0.03663,           0.0087803,           0.0012119,           0.0066142,           0.0066142,           0.0066142
                 344,            0.015416,          0.00077926,          0.00087321,            0.013264,             0.66667,             0.34585,             0.12183,            0.036588,           0.0087848,           0.0012154,           0.0066043,           0.0066043,           0.0066043
                 345,            0.015905,          0.00079206,          0.00074639,            0.013321,             0.66667,             0.34675,             0.12216,            0.036557,           0.0087648,           0.0012188,           0.0065944,           0.0065944,           0.0065944
                 346,            0.015648,          0.00077016,          0.00066267,            0.013106,             0.66667,             0.34736,             0.12233,            0.036546,           0.0087769,           0.0012165,           0.0065845,           0.0065845,           0.0065845
                 347,            0.015728,          0.00077313,          0.00059434,            0.013075,             0.66667,             0.34785,              0.1225,             0.03652,           0.0088035,           0.0012257,           0.0065746,           0.0065746,           0.0065746
                 348,            0.015591,          0.00077804,          0.00063213,             0.01299,             0.66667,             0.34789,             0.12249,            0.036522,           0.0088092,           0.0012302,           0.0065647,           0.0065647,           0.0065647
                 349,            0.015496,          0.00079794,          0.00059688,            0.013101,             0.66667,             0.34692,             0.12275,            0.036526,           0.0087858,           0.0012337,           0.0065548,           0.0065548,           0.0065548
                 350,            0.015875,          0.00074641,          0.00046031,            0.013015,             0.66667,             0.34578,             0.12178,            0.036531,           0.0087976,           0.0012234,           0.0065449,           0.0065449,           0.0065449
                 351,            0.015566,          0.00076445,           0.0004642,             0.01303,             0.66667,             0.34577,             0.12227,            0.036536,           0.0088036,           0.0012188,            0.006535,            0.006535,            0.006535
                 352,            0.015608,          0.00075614,           0.0004911,            0.013086,             0.66667,             0.34574,              0.1218,            0.036532,           0.0088075,           0.0012131,           0.0065251,           0.0065251,           0.0065251
                 353,            0.015835,          0.00076337,          0.00081897,            0.013245,             0.66667,             0.34604,             0.12238,            0.036527,           0.0087765,           0.0012039,           0.0065152,           0.0065152,           0.0065152
                 354,             0.01542,          0.00076536,          0.00054105,            0.013275,             0.66667,             0.34584,             0.12184,            0.036536,           0.0087705,           0.0012016,           0.0065053,           0.0065053,           0.0065053
                 355,            0.015825,          0.00075194,          0.00045585,            0.013275,             0.66667,             0.34554,             0.12172,            0.036528,           0.0087449,           0.0011936,           0.0064954,           0.0064954,           0.0064954
                 356,            0.015467,           0.0007704,          0.00051367,            0.013305,             0.66667,             0.34573,              0.1218,            0.036522,           0.0086791,           0.0011868,           0.0064855,           0.0064855,           0.0064855
                 357,            0.015689,          0.00077774,          0.00063915,            0.013145,             0.66667,             0.34573,             0.11627,            0.036538,           0.0086705,           0.0011856,           0.0064756,           0.0064756,           0.0064756
                 358,            0.015457,          0.00076266,          0.00069285,            0.013145,             0.66667,             0.34567,             0.11624,            0.036561,           0.0086435,           0.0011776,           0.0064657,           0.0064657,           0.0064657
                 359,            0.015698,          0.00075642,          0.00072434,             0.01329,             0.66667,             0.34571,             0.11627,             0.03657,           0.0086519,           0.0011684,           0.0064558,           0.0064558,           0.0064558
                 360,            0.015446,          0.00074333,           0.0004864,             0.01329,             0.66667,              0.3457,             0.11626,             0.03659,           0.0085988,           0.0011644,           0.0064459,           0.0064459,           0.0064459
                 361,            0.015609,          0.00077716,          0.00062916,            0.013379,             0.66667,             0.34636,             0.12205,            0.036604,           0.0085557,           0.0011621,            0.006436,            0.006436,            0.006436
                 362,            0.015622,          0.00081116,          0.00061988,            0.013305,             0.66667,             0.34764,             0.12255,            0.036612,           0.0085497,           0.0011616,           0.0064261,           0.0064261,           0.0064261
                 363,             0.01549,          0.00075415,           0.0005315,            0.013232,             0.66667,              0.3481,             0.12272,            0.036611,           0.0085678,           0.0011742,           0.0064162,           0.0064162,           0.0064162
                 364,            0.015286,          0.00073891,          0.00054616,            0.013321,             0.66667,             0.34925,             0.12313,            0.036612,           0.0085812,           0.0011833,           0.0064063,           0.0064063,           0.0064063
                 365,            0.015444,          0.00075712,          0.00058578,            0.013305,             0.66667,             0.35049,             0.12356,            0.036597,           0.0085878,           0.0011948,           0.0063964,           0.0063964,           0.0063964
                 366,            0.015734,          0.00075246,          0.00065463,            0.013485,             0.66667,             0.35155,              0.1239,            0.036581,           0.0085717,           0.0011959,           0.0063865,           0.0063865,           0.0063865
                 367,             0.01614,          0.00075069,          0.00069194,            0.013576,             0.66667,             0.35352,             0.12461,             0.03656,           0.0085371,           0.0011959,           0.0063766,           0.0063766,           0.0063766
                 368,            0.015332,          0.00076419,          0.00048768,              0.0135,             0.66667,             0.35377,              0.1247,            0.036546,           0.0085346,           0.0011936,           0.0063667,           0.0063667,           0.0063667
                 369,            0.015606,          0.00077781,          0.00048807,            0.019013,                 0.6,             0.35504,             0.12527,            0.036533,           0.0085349,           0.0011993,           0.0063568,           0.0063568,           0.0063568
                 370,            0.015607,          0.00077076,          0.00040981,            0.018941,                 0.6,             0.35516,             0.12536,            0.036506,           0.0085641,           0.0011993,           0.0063469,           0.0063469,           0.0063469
                 371,            0.015171,          0.00076232,          0.00058969,            0.023518,                 0.6,               0.357,             0.12605,            0.036503,           0.0085473,           0.0011959,            0.006337,            0.006337,            0.006337
                 372,            0.015749,          0.00076821,          0.00064338,             0.02764,             0.53333,             0.35858,             0.12667,            0.036495,           0.0085357,           0.0011959,           0.0063271,           0.0063271,           0.0063271
                 373,            0.015002,          0.00077066,          0.00074294,            0.028085,             0.53333,             0.35628,             0.12581,            0.036503,           0.0085699,           0.0011822,           0.0063172,           0.0063172,           0.0063172
                 374,            0.015694,          0.00076802,           0.0006898,            0.028196,             0.53333,              0.3566,             0.12581,            0.036512,            0.008571,           0.0011765,           0.0063073,           0.0063073,           0.0063073
                 375,            0.015673,          0.00079893,          0.00076163,            0.028031,             0.53333,             0.35715,             0.12592,            0.036495,            0.008601,           0.0011616,           0.0062974,           0.0062974,           0.0062974
                 376,            0.015278,          0.00076409,           0.0005724,            0.034471,                 0.6,             0.35822,             0.12618,            0.036487,           0.0086357,           0.0011576,           0.0062875,           0.0062875,           0.0062875
                 377,            0.015549,          0.00078098,          0.00047966,            0.016145,                 0.4,             0.35773,              0.1259,            0.036478,           0.0087094,           0.0011536,           0.0062776,           0.0062776,           0.0062776
                 378,            0.015416,          0.00079701,          0.00055327,            0.016101,                 0.4,             0.35688,             0.12558,            0.036471,           0.0087542,           0.0011478,           0.0062677,           0.0062677,           0.0062677
                 379,            0.015117,          0.00076935,          0.00051941,            0.015996,                 0.4,             0.35615,              0.1254,            0.036448,           0.0088147,           0.0011415,           0.0062578,           0.0062578,           0.0062578
                 380,            0.015433,          0.00076737,          0.00062053,            0.023634,             0.46667,             0.35545,             0.12505,            0.036424,           0.0088765,           0.0011375,           0.0062479,           0.0062479,           0.0062479
                 381,             0.01552,          0.00078991,          0.00078674,            0.022899,             0.46667,             0.35517,             0.12505,            0.036401,           0.0089398,           0.0011364,            0.006238,            0.006238,            0.006238
                 382,            0.015589,           0.0007735,          0.00061096,            0.017987,                 0.4,             0.35482,             0.12493,            0.036385,           0.0089602,           0.0011393,           0.0062281,           0.0062281,           0.0062281
                 383,             0.01534,          0.00075084,          0.00045805,            0.017726,                 0.4,             0.35456,              0.1249,            0.036358,           0.0089447,           0.0011347,           0.0062182,           0.0062182,           0.0062182
                 384,             0.01539,          0.00077435,          0.00049741,            0.022805,             0.46667,             0.35466,             0.12498,            0.036335,           0.0089605,           0.0011335,           0.0062083,           0.0062083,           0.0062083
                 385,            0.015456,          0.00073404,          0.00050927,            0.022754,             0.46667,             0.35588,             0.12548,            0.036328,           0.0089942,           0.0011335,           0.0061984,           0.0061984,           0.0061984
                 386,            0.015502,          0.00074902,          0.00048742,            0.029917,             0.53333,             0.35659,             0.12576,            0.036313,           0.0090087,           0.0011301,           0.0061885,           0.0061885,           0.0061885
                 387,            0.015335,          0.00075617,          0.00057457,            0.025784,             0.53333,             0.35704,             0.12592,            0.036304,            0.009023,           0.0011312,           0.0061786,           0.0061786,           0.0061786
                 388,            0.015163,          0.00074349,          0.00042344,            0.025791,             0.53333,             0.35716,             0.12597,            0.036303,           0.0090081,           0.0011272,           0.0061687,           0.0061687,           0.0061687
                 389,            0.015766,           0.0007721,          0.00094138,             0.02978,             0.52845,             0.35611,              0.1256,             0.03629,           0.0090618,           0.0011101,           0.0061588,           0.0061588,           0.0061588
                 390,             0.01576,           0.0007612,          0.00078294,            0.022793,             0.46667,             0.35534,             0.12531,            0.036284,           0.0091271,           0.0011015,           0.0061489,           0.0061489,           0.0061489
                 391,            0.015779,          0.00076311,          0.00079224,            0.025355,             0.53333,             0.35509,             0.12521,            0.036293,           0.0091889,           0.0011061,            0.006139,            0.006139,            0.006139
                 392,            0.015643,           0.0007675,          0.00066133,            0.025504,             0.53333,             0.35461,             0.12505,            0.036283,           0.0092685,           0.0011015,           0.0061291,           0.0061291,           0.0061291
                 393,            0.015538,          0.00075941,          0.00064373,            0.020787,             0.53333,             0.35357,             0.12463,            0.036276,           0.0093287,           0.0010963,           0.0061192,           0.0061192,           0.0061192
                 394,            0.015175,          0.00071557,          0.00056363,            0.020515,             0.53333,             0.35274,             0.12431,            0.036263,             0.00934,           0.0010929,           0.0061093,           0.0061093,           0.0061093
                 395,            0.015648,           0.0007298,          0.00059694,            0.025551,             0.53333,             0.35315,             0.12447,            0.036259,           0.0093518,           0.0010838,           0.0060994,           0.0060994,           0.0060994
                 396,            0.014904,          0.00076897,          0.00068762,            0.015157,                 0.4,             0.35323,             0.12451,            0.036247,           0.0093277,           0.0010798,           0.0060895,           0.0060895,           0.0060895
                 397,            0.014898,          0.00075138,          0.00046696,             0.02031,             0.53333,             0.35324,             0.12449,            0.036239,           0.0093572,           0.0010883,           0.0060796,           0.0060796,           0.0060796
                 398,            0.015248,          0.00073908,          0.00055461,             0.02048,             0.53333,             0.35316,             0.12446,            0.036244,           0.0093654,           0.0010963,           0.0060697,           0.0060697,           0.0060697
                 399,            0.015469,           0.0007539,            0.000522,            0.016358,             0.53333,             0.35096,             0.12368,            0.036252,             0.00937,           0.0011026,           0.0060598,           0.0060598,           0.0060598
                 400,            0.015169,          0.00075591,          0.00047395,            0.016312,             0.53333,             0.35065,             0.12355,            0.036285,           0.0093521,           0.0011101,           0.0060499,           0.0060499,           0.0060499
                 401,            0.015351,          0.00076268,          0.00063884,            0.016538,             0.54063,             0.35065,             0.12355,            0.036291,           0.0093744,           0.0011187,             0.00604,             0.00604,             0.00604
                 402,            0.015302,          0.00077789,          0.00043365,            0.015886,             0.53333,             0.34991,             0.12328,            0.036298,           0.0093891,           0.0011244,           0.0060301,           0.0060301,           0.0060301
                 403,            0.016047,          0.00075135,          0.00060649,            0.015591,             0.53333,             0.34989,             0.11775,            0.036304,           0.0094405,           0.0011312,           0.0060202,           0.0060202,           0.0060202
                 404,            0.015509,           0.0007532,          0.00070902,            0.019638,             0.53333,             0.34906,             0.11745,            0.036289,           0.0095194,           0.0011421,           0.0060103,           0.0060103,           0.0060103
                 405,            0.015867,          0.00075408,          0.00055098,            0.019017,             0.53333,             0.34848,              0.1172,            0.036263,           0.0096128,           0.0011467,           0.0060004,           0.0060004,           0.0060004
                 406,            0.015249,          0.00075634,          0.00039949,            0.015387,             0.53333,             0.34799,               0.117,            0.036245,           0.0096868,           0.0011518,           0.0059905,           0.0059905,           0.0059905
                 407,            0.015152,          0.00074563,          0.00059186,            0.015172,             0.53333,             0.34702,             0.11659,            0.036237,            0.009764,           0.0011553,           0.0059806,           0.0059806,           0.0059806
                 408,            0.015466,          0.00077349,          0.00052517,            0.016123,             0.66667,             0.34702,             0.11658,            0.036234,           0.0097705,           0.0011604,           0.0059707,           0.0059707,           0.0059707
                 409,            0.014897,          0.00074039,          0.00051112,            0.012739,             0.66667,             0.34674,             0.11647,            0.036228,           0.0098093,           0.0011673,           0.0059608,           0.0059608,           0.0059608
                 410,            0.015302,          0.00076214,           0.0006954,            0.012605,             0.66667,             0.34674,             0.11646,            0.036224,           0.0098663,           0.0011753,           0.0059509,           0.0059509,           0.0059509
                 411,            0.015371,          0.00076158,          0.00075353,            0.012605,             0.66667,             0.34674,             0.11646,            0.036228,           0.0098584,            0.001181,            0.005941,            0.005941,            0.005941
                 412,            0.015194,          0.00074508,          0.00061822,            0.012619,             0.66667,             0.34661,             0.11364,            0.036222,            0.009868,           0.0011833,           0.0059311,           0.0059311,           0.0059311
                 413,            0.015276,          0.00074373,          0.00057186,             0.01254,             0.66667,             0.34634,             0.11195,            0.036225,           0.0098948,           0.0011799,           0.0059212,           0.0059212,           0.0059212
                 414,            0.014967,          0.00074964,          0.00054037,            0.012605,             0.66667,             0.34647,             0.11365,            0.036225,           0.0099573,           0.0011833,           0.0059113,           0.0059113,           0.0059113
                 415,            0.015318,          0.00076858,          0.00050903,             0.01254,             0.66667,             0.34621,              0.1119,             0.03621,           0.0099908,           0.0011993,           0.0059014,           0.0059014,           0.0059014
                 416,            0.014844,          0.00074736,           0.0004977,             0.01254,             0.66667,             0.34621,             0.11094,            0.036208,            0.010002,           0.0012096,           0.0058915,           0.0058915,           0.0058915
                 417,            0.015006,          0.00075433,          0.00048752,             0.01254,             0.66667,             0.34621,             0.11094,            0.036218,           0.0099757,           0.0012142,           0.0058816,           0.0058816,           0.0058816
                 418,            0.015127,          0.00073822,          0.00049934,            0.012553,             0.66667,             0.34621,             0.11094,            0.036241,           0.0099416,           0.0012234,           0.0058717,           0.0058717,           0.0058717
                 419,            0.014974,          0.00073135,          0.00043877,             0.01254,             0.66667,             0.34621,             0.11095,            0.036254,           0.0098868,           0.0012337,           0.0058618,           0.0058618,           0.0058618
                 420,            0.015409,          0.00072907,           0.0005272,            0.012672,             0.66667,             0.34621,             0.11001,            0.036274,           0.0098462,           0.0012428,           0.0058519,           0.0058519,           0.0058519
                 421,            0.015007,          0.00075188,          0.00053993,            0.012685,             0.66667,             0.34634,             0.10915,            0.036283,            0.009835,           0.0012497,            0.005842,            0.005842,            0.005842
                 422,            0.015494,          0.00075487,          0.00059355,            0.012766,             0.66667,             0.34647,             0.10885,            0.036295,           0.0098721,           0.0012543,           0.0058321,           0.0058321,           0.0058321
                 423,            0.015071,          0.00076382,          0.00066687,             0.01278,             0.66667,             0.34647,             0.10869,            0.036305,           0.0098936,           0.0012543,           0.0058222,           0.0058222,           0.0058222
                 424,            0.014944,          0.00075144,           0.0003743,            0.012917,             0.66667,             0.34661,             0.10872,             0.03632,            0.009889,           0.0012646,           0.0058123,           0.0058123,           0.0058123
                 425,            0.015153,          0.00073683,          0.00069644,            0.013058,             0.66667,             0.34688,              0.1088,            0.036331,           0.0098809,           0.0012737,           0.0058024,           0.0058024,           0.0058024
                 426,            0.014968,          0.00071673,          0.00040362,            0.013001,             0.66667,             0.34674,             0.10838,            0.036356,           0.0099168,           0.0012772,           0.0057925,           0.0057925,           0.0057925
                 427,            0.015628,          0.00077007,          0.00078846,            0.013001,             0.66667,             0.34647,             0.10829,            0.036367,           0.0099721,           0.0012772,           0.0057826,           0.0057826,           0.0057826
                 428,            0.015322,          0.00074972,          0.00052196,            0.013001,             0.66667,             0.34609,             0.10785,            0.036384,            0.010003,           0.0012783,           0.0057727,           0.0057727,           0.0057727
                 429,            0.014881,          0.00075731,          0.00067597,            0.013072,             0.66667,             0.34621,              0.1079,              0.0364,            0.010028,           0.0012806,           0.0057628,           0.0057628,           0.0057628
                 430,            0.014955,          0.00074918,          0.00047097,            0.013158,             0.66667,             0.34621,             0.10765,            0.036421,             0.01005,           0.0012829,           0.0057529,           0.0057529,           0.0057529
                 431,            0.015293,          0.00074702,          0.00042317,            0.013245,             0.66667,             0.34621,             0.10765,            0.036439,            0.010068,           0.0012794,            0.005743,            0.005743,            0.005743
                 432,            0.015141,          0.00073821,          0.00064135,             0.01326,             0.66667,             0.34609,             0.10739,            0.036441,             0.01009,           0.0012726,           0.0057331,           0.0057331,           0.0057331
                 433,            0.015332,          0.00075422,          0.00054209,            0.013216,             0.66667,             0.18013,            0.057122,            0.036446,            0.010148,           0.0012726,           0.0057232,           0.0057232,           0.0057232
                 434,            0.014706,          0.00073138,          0.00041641,            0.013231,             0.66667,             0.17965,            0.056954,            0.036454,            0.010214,           0.0012611,           0.0057133,           0.0057133,           0.0057133
                 435,            0.014812,          0.00076254,          0.00061259,            0.013231,             0.66667,             0.17954,            0.056792,            0.036468,            0.010238,           0.0012543,           0.0057034,           0.0057034,           0.0057034
                 436,            0.014938,          0.00078196,          0.00042732,            0.013158,             0.66667,              0.1791,            0.054685,            0.036487,            0.010252,           0.0012474,           0.0056935,           0.0056935,           0.0056935
                 437,            0.014796,          0.00074335,          0.00044775,            0.013015,             0.66667,             0.17899,             0.05639,            0.036491,            0.010291,           0.0012463,           0.0056836,           0.0056836,           0.0056836
                 438,            0.014765,          0.00072243,          0.00063305,            0.013015,             0.66667,              0.1791,             0.05634,            0.036502,            0.010325,           0.0012531,           0.0056737,           0.0056737,           0.0056737
                 439,            0.014851,          0.00073281,          0.00051117,            0.013001,             0.66667,             0.17899,            0.056087,            0.036513,            0.010311,           0.0012691,           0.0056638,           0.0056638,           0.0056638
                 440,            0.014977,          0.00074503,          0.00054326,            0.013115,             0.66667,             0.17879,            0.055834,            0.036548,            0.010325,           0.0012669,           0.0056539,           0.0056539,           0.0056539
                 441,            0.015315,          0.00074691,          0.00064255,             0.01303,             0.66667,             0.17879,            0.054393,            0.036573,            0.010337,           0.0012772,            0.005644,            0.005644,            0.005644
                 442,            0.015212,          0.00073723,          0.00067556,            0.013045,             0.66667,             0.17869,            0.054359,             0.03659,            0.010318,           0.0012863,           0.0056341,           0.0056341,           0.0056341
                 443,             0.01535,          0.00076627,          0.00045518,             0.01299,             0.66667,              0.1784,            0.054272,            0.036594,            0.010353,           0.0012852,           0.0056242,           0.0056242,           0.0056242
                 444,            0.014923,          0.00074226,          0.00045364,            0.012838,             0.66667,             0.12312,            0.037672,            0.036598,            0.010408,           0.0012886,           0.0056143,           0.0056143,           0.0056143
                 445,            0.014613,          0.00074913,           0.0004602,            0.012975,             0.66667,             0.12312,            0.037675,            0.036611,            0.010428,           0.0012943,           0.0056044,           0.0056044,           0.0056044
                 446,            0.015039,          0.00073848,          0.00053904,             0.01296,             0.66667,             0.12302,             0.03764,            0.036634,            0.010405,           0.0013012,           0.0055945,           0.0055945,           0.0055945
                 447,            0.015128,          0.00074257,           0.0005108,             0.01296,             0.66667,             0.12302,            0.037658,            0.036652,            0.010399,           0.0013012,           0.0055846,           0.0055846,           0.0055846
                 448,            0.015373,          0.00074075,          0.00048132,            0.013015,             0.66667,             0.12321,            0.037723,            0.036677,            0.010436,              0.0013,           0.0055747,           0.0055747,           0.0055747
                 449,            0.015095,          0.00073005,          0.00040516,            0.012877,             0.66667,             0.12341,            0.037795,            0.036677,            0.010408,           0.0013058,           0.0055648,           0.0055648,           0.0055648
                 450,            0.014726,          0.00072258,          0.00045172,             0.01296,             0.66667,             0.12331,            0.037775,            0.036681,            0.010424,           0.0013058,           0.0055549,           0.0055549,           0.0055549
                 451,            0.015013,          0.00073896,          0.00047363,            0.012946,             0.66667,             0.12331,            0.037785,            0.036702,            0.010416,           0.0013092,            0.005545,            0.005545,            0.005545
                 452,            0.014766,           0.0007495,          0.00050805,            0.012931,             0.66667,             0.12321,            0.037752,            0.036721,            0.010399,           0.0013218,           0.0055351,           0.0055351,           0.0055351
                 453,            0.014808,          0.00076135,          0.00064191,            0.012931,             0.66667,            0.095576,            0.029462,            0.036729,            0.010336,           0.0013309,           0.0055252,           0.0055252,           0.0055252
                 454,            0.015262,           0.0007515,          0.00064795,            0.013086,             0.66667,            0.095673,            0.029494,            0.036757,            0.010284,            0.001347,           0.0055153,           0.0055153,           0.0055153
                 455,            0.014302,          0.00073453,          0.00057607,            0.013072,             0.66667,            0.078992,            0.024486,            0.036756,            0.010271,           0.0013561,           0.0055054,           0.0055054,           0.0055054
                 456,             0.01439,          0.00073849,           0.0004383,            0.012987,             0.66667,            0.095673,             0.02949,            0.036763,            0.010234,           0.0013401,           0.0054955,           0.0054955,           0.0054955
                 457,            0.014634,          0.00073509,          0.00047292,            0.013101,             0.66667,            0.079189,            0.024549,            0.036763,            0.010207,           0.0013538,           0.0054856,           0.0054856,           0.0054856
                 458,            0.014701,          0.00074029,          0.00045392,            0.013101,             0.66667,            0.068034,            0.021204,             0.03676,            0.010218,           0.0013687,           0.0054757,           0.0054757,           0.0054757
                 459,            0.014814,           0.0007423,          0.00048601,            0.013086,             0.66667,            0.068034,            0.021208,            0.036751,            0.010218,            0.001371,           0.0054658,           0.0054658,           0.0054658
                 460,            0.014407,           0.0006939,          0.00039967,            0.013086,             0.66667,            0.060137,            0.018848,            0.036748,            0.010245,           0.0013779,           0.0054559,           0.0054559,           0.0054559
                 461,              0.0146,          0.00073323,          0.00045374,            0.013158,             0.66667,            0.049808,            0.015759,            0.036731,            0.010241,           0.0013916,            0.005446,            0.005446,            0.005446
                 462,            0.014658,          0.00073693,          0.00052042,            0.013015,             0.66667,            0.046224,            0.014821,            0.036707,            0.010276,           0.0013973,           0.0054361,           0.0054361,           0.0054361
                 463,            0.014598,          0.00073944,          0.00045813,            0.013072,             0.66667,             0.04654,            0.014936,              0.0367,             0.01028,           0.0013985,           0.0054262,           0.0054262,           0.0054262
                 464,            0.014459,          0.00074566,          0.00050376,            0.013072,             0.66667,            0.043634,            0.014086,            0.036706,            0.010241,           0.0013939,           0.0054163,           0.0054163,           0.0054163
                 465,            0.014437,          0.00073079,           0.0004246,            0.013144,             0.66667,            0.044325,            0.014338,              0.0367,            0.010167,           0.0013824,           0.0054064,           0.0054064,           0.0054064
                 466,            0.014534,          0.00072867,          0.00047783,            0.013158,             0.66667,            0.044205,              0.0143,            0.036705,            0.010129,           0.0013802,           0.0053965,           0.0053965,           0.0053965
                 467,            0.014745,          0.00073801,          0.00058672,            0.013144,             0.66667,            0.040188,            0.013111,            0.036699,            0.010113,           0.0013824,           0.0053866,           0.0053866,           0.0053866
                 468,            0.014648,          0.00074829,          0.00048894,            0.013216,             0.66667,            0.038237,            0.012543,            0.036694,              0.0101,            0.001395,           0.0053767,           0.0053767,           0.0053767
                 469,            0.014725,          0.00073783,          0.00046266,            0.013158,             0.66667,            0.036407,            0.012004,            0.036716,            0.010081,           0.0014076,           0.0053668,           0.0053668,           0.0053668
                 470,            0.014674,           0.0007461,          0.00056022,            0.013158,             0.66667,            0.036787,            0.012146,            0.036727,            0.010073,            0.001395,           0.0053569,           0.0053569,           0.0053569
                 471,            0.014581,          0.00073828,          0.00039684,            0.013231,             0.66667,            0.037325,            0.012318,            0.036743,            0.010032,           0.0013893,            0.005347,            0.005347,            0.005347
                 472,            0.014776,          0.00073685,          0.00035881,             0.01329,             0.66667,            0.037466,            0.012373,            0.036724,            0.010034,           0.0013802,           0.0053371,           0.0053371,           0.0053371
                 473,            0.014342,          0.00072046,          0.00036473,            0.013393,             0.66667,            0.035943,            0.011916,             0.03673,            0.010021,           0.0013744,           0.0053272,           0.0053272,           0.0053272
                 474,            0.014772,          0.00073862,          0.00040467,            0.013379,             0.66667,             0.03445,            0.011461,             0.03673,            0.010027,           0.0013744,           0.0053173,           0.0053173,           0.0053173
                 475,            0.014558,          0.00072175,          0.00046438,            0.013304,             0.66667,            0.033232,            0.011086,            0.036742,            0.010029,           0.0013676,           0.0053074,           0.0053074,           0.0053074
                 476,            0.014506,          0.00073689,          0.00053196,            0.013319,             0.66667,            0.029751,             0.01006,            0.036743,            0.010028,           0.0013607,           0.0052975,           0.0052975,           0.0052975
                 477,             0.01438,          0.00073872,          0.00048987,            0.013668,             0.66667,            0.028841,           0.0097877,            0.036739,             0.01001,           0.0013424,           0.0052876,           0.0052876,           0.0052876
                 478,            0.014686,          0.00073985,          0.00044554,             0.01359,             0.66667,            0.028841,           0.0097837,            0.036732,            0.010022,           0.0013309,           0.0052777,           0.0052777,           0.0052777
                 479,            0.014692,          0.00072997,          0.00051096,            0.013454,             0.66667,            0.028594,           0.0096834,             0.03672,            0.010082,           0.0013149,           0.0052678,           0.0052678,           0.0052678
                 480,            0.014553,          0.00071613,           0.0005337,            0.013304,             0.66667,            0.028594,           0.0096867,            0.036713,            0.010159,           0.0013103,           0.0052579,           0.0052579,           0.0052579
                 481,            0.014588,           0.0007196,          0.00065689,            0.013364,             0.66667,            0.027993,           0.0095077,            0.036709,            0.010181,           0.0013081,            0.005248,            0.005248,            0.005248
                 482,            0.014858,          0.00073775,          0.00049141,             0.01329,             0.66667,             0.02658,           0.0090829,            0.036723,            0.010214,           0.0013046,           0.0052381,           0.0052381,           0.0052381
                 483,             0.01482,          0.00073888,          0.00038782,             0.01344,             0.66667,            0.026959,            0.009181,            0.036731,            0.010231,           0.0013046,           0.0052282,           0.0052282,           0.0052282
                 484,            0.014713,          0.00072603,          0.00053483,             0.01335,             0.66667,            0.026521,           0.0090312,            0.036717,            0.010264,           0.0013046,           0.0052183,           0.0052183,           0.0052183
                 485,            0.014777,           0.0007394,          0.00044839,            0.013276,             0.66667,            0.024661,            0.008457,            0.036698,            0.010302,           0.0013115,           0.0052084,           0.0052084,           0.0052084
                 486,            0.014584,          0.00074081,          0.00073091,            0.013262,             0.66667,            0.025374,           0.0086627,            0.036667,            0.010344,           0.0013069,           0.0051985,           0.0051985,           0.0051985
                 487,            0.014557,          0.00074615,          0.00064547,            0.013248,             0.66667,              0.0272,            0.009274,             0.03662,            0.010376,           0.0013081,           0.0051886,           0.0051886,           0.0051886
                 488,            0.014717,          0.00072953,          0.00047978,            0.013336,             0.66667,             0.02749,           0.0093829,            0.036598,            0.010416,           0.0013115,           0.0051787,           0.0051787,           0.0051787
                 489,            0.014703,           0.0007384,           0.0003761,            0.013234,             0.66667,            0.028103,           0.0095816,            0.036575,            0.010453,           0.0013103,           0.0051688,           0.0051688,           0.0051688
                 490,            0.014347,          0.00072315,          0.00032768,            0.013269,             0.66667,            0.029507,            0.010008,            0.036569,             0.01045,           0.0013195,           0.0051589,           0.0051589,           0.0051589
                 491,            0.014124,          0.00071141,          0.00041027,            0.013269,             0.66667,            0.030723,             0.01041,             0.03657,            0.010434,           0.0013287,            0.005149,            0.005149,            0.005149
                 492,            0.014377,          0.00072021,          0.00047465,            0.013345,             0.66667,            0.035009,            0.011708,            0.036572,            0.010409,           0.0013344,           0.0051391,           0.0051391,           0.0051391
                 493,             0.01439,          0.00073857,          0.00068941,            0.013319,             0.66667,            0.037487,             0.01247,            0.036556,            0.010452,           0.0013309,           0.0051292,           0.0051292,           0.0051292
                 494,            0.014531,          0.00073973,          0.00044094,            0.013408,             0.66667,            0.038406,            0.012774,            0.036549,            0.010406,           0.0013332,           0.0051193,           0.0051193,           0.0051193
                 495,            0.014577,          0.00072686,          0.00046935,            0.013332,             0.66667,            0.038406,            0.012806,            0.036557,            0.010372,           0.0013344,           0.0051094,           0.0051094,           0.0051094
                 496,            0.014716,          0.00074968,          0.00046039,            0.013332,             0.66667,             0.03949,            0.013147,            0.036538,            0.010371,           0.0013218,           0.0050995,           0.0050995,           0.0050995
                 497,            0.014592,          0.00075251,          0.00037587,            0.013358,             0.66667,            0.040709,            0.013649,            0.036538,             0.01032,           0.0013115,           0.0050896,           0.0050896,           0.0050896
                 498,            0.014345,          0.00071604,          0.00062113,            0.013358,             0.66667,            0.040953,            0.013726,            0.036535,            0.010259,           0.0013081,           0.0050797,           0.0050797,           0.0050797
                 499,            0.014666,          0.00073976,          0.00047081,            0.013345,             0.66667,            0.040709,            0.013642,            0.036543,            0.010241,           0.0013103,           0.0050698,           0.0050698,           0.0050698
                 500,            0.014249,          0.00071616,          0.00042124,            0.013282,             0.66667,            0.041202,             0.01379,            0.036564,            0.010195,           0.0013081,           0.0050599,           0.0050599,           0.0050599
                 501,             0.01469,          0.00072718,          0.00061556,            0.013322,             0.66667,            0.042584,            0.014234,            0.036573,            0.010127,           0.0013069,             0.00505,             0.00505,             0.00505
