               epoch,      train/box_loss,      train/obj_loss,      train/cls_loss,   metrics/precision,      metrics/recall,     metrics/mAP_0.5,metrics/mAP_0.5:0.95,        val/box_loss,        val/obj_loss,        val/cls_loss,               x/lr0,               x/lr1,               x/lr2
                   0,             0.10469,             0.00457,            0.028305,                   0,                   0,                   0,                   0,                   0,                   0,                   0,            0.083654,          0.00024892,          0.00024892
                   1,            0.070463,           0.0040383,            0.010599,                   0,                   0,                   0,                   0,                   0,                   0,                   0,            0.067228,          0.00048944,          0.00048944
                   2,            0.064193,           0.0033059,           0.0035152,                   0,                   0,                   0,                   0,                   0,                   0,                   0,            0.050793,          0.00072046,          0.00072046
                   3,            0.058197,           0.0025773,            0.001843,                   0,                   0,                   0,                   0,                   0,                   0,                   0,            0.034347,          0.00094198,          0.00094198
                   4,            0.056774,           0.0021873,           0.0015388,                   0,                   0,                   0,                   0,                   0,                   0,                   0,            0.017893,            0.001154,            0.001154
                   5,            0.052649,           0.0018862,           0.0012746,                   0,                   0,                   0,                   0,                   0,                   0,                   0,           0.0014287,           0.0013565,           0.0013565
                   6,            0.051978,           0.0016355,           0.0010293,                   0,                   0,                   0,                   0,                   0,                   0,                   0,            0.001329,            0.001329,            0.001329
                   7,            0.046317,           0.0013564,          0.00077589,                   0,                   0,                   0,                   0,                   0,                   0,                   0,            0.001329,            0.001329,            0.001329
                   8,            0.048386,           0.0013365,          0.00072878,                   0,                   0,                   0,                   0,                   0,                   0,                   0,           0.0013005,           0.0013005,           0.0013005
                   9,            0.045366,           0.0012428,          0.00080819,                   0,                   0,                   0,                   0,                   0,                   0,                   0,            0.001272,            0.001272,            0.001272
                  10,            0.042416,           0.0011349,          0.00055096,                   0,                   0,                   0,                   0,                   0,                   0,                   0,           0.0012435,           0.0012435,           0.0012435
                  11,            0.042388,            0.001101,           0.0005475,                   0,                   0,                   0,                   0,                   0,                   0,                   0,            0.001215,            0.001215,            0.001215
                  12,            0.040142,            0.001047,          0.00049312,                   0,                   0,                   0,                   0,                   0,                   0,                   0,           0.0011865,           0.0011865,           0.0011865
                   0,             0.10469,             0.00457,            0.028305,                   0,                   0,                   0,                   0,                   0,                   0,                   0,            0.083654,          0.00024892,          0.00024892
                   1,            0.070463,           0.0040383,            0.010599,                   0,                   0,                   0,                   0,                   0,                   0,                   0,            0.067228,          0.00048944,          0.00048944
                   2,            0.064193,           0.0033059,           0.0035152,                   0,                   0,                   0,                   0,                   0,                   0,                   0,            0.050793,          0.00072046,          0.00072046
                   3,            0.058197,           0.0025773,            0.001843,                   0,                   0,                   0,                   0,                   0,                   0,                   0,            0.034347,          0.00094198,          0.00094198
                   4,            0.056774,           0.0021873,           0.0015388,                   0,                   0,                   0,                   0,                   0,                   0,                   0,            0.017893,            0.001154,            0.001154
                   5,            0.052649,           0.0018862,           0.0012746,                   0,                   0,                   0,                   0,                   0,                   0,                   0,           0.0014287,           0.0013565,           0.0013565
                   6,            0.051978,           0.0016355,           0.0010293,                   0,                   0,                   0,                   0,                   0,                   0,                   0,            0.001329,            0.001329,            0.001329
                   7,            0.046317,           0.0013564,          0.00077589,                   0,                   0,                   0,                   0,                   0,                   0,                   0,            0.001329,            0.001329,            0.001329
                   8,            0.048386,           0.0013365,          0.00072878,                   0,                   0,                   0,                   0,                   0,                   0,                   0,           0.0013005,           0.0013005,           0.0013005
                   9,            0.045366,           0.0012428,          0.00080819,                   0,                   0,                   0,                   0,                   0,                   0,                   0,            0.001272,            0.001272,            0.001272
                  10,            0.042416,           0.0011349,          0.00055096,                   0,                   0,                   0,                   0,                   0,                   0,                   0,           0.0012435,           0.0012435,           0.0012435
                  11,            0.042388,            0.001101,           0.0005475,                   0,                   0,                   0,                   0,                   0,                   0,                   0,            0.001215,            0.001215,            0.001215
                  12,            0.040142,            0.001047,          0.00049312,                   0,                   0,                   0,                   0,                   0,                   0,                   0,           0.0011865,           0.0011865,           0.0011865
                  13,            0.041315,           0.0011141,          0.00054526,                   0,                   0,                   0,                   0,                   0,                   0,                   0,            0.001158,            0.001158,            0.001158
                  14,            0.039868,             0.00104,          0.00046929,                   0,                   0,                   0,                   0,                   0,                   0,                   0,           0.0011295,           0.0011295,           0.0011295
                  15,            0.038805,           0.0010225,          0.00038659,                   0,                   0,                   0,                   0,                   0,                   0,                   0,            0.001101,            0.001101,            0.001101
                  16,             0.03775,          0.00094583,          0.00045386,                   0,                   0,                   0,                   0,                   0,                   0,                   0,           0.0010725,           0.0010725,           0.0010725
                  17,            0.036651,          0.00093781,           0.0003932,                   0,                   0,                   0,                   0,                   0,                   0,                   0,            0.001044,            0.001044,            0.001044
                  18,            0.037172,           0.0009629,          0.00035284,                   0,                   0,                   0,                   0,                   0,                   0,                   0,           0.0010155,           0.0010155,           0.0010155
                  19,            0.036565,          0.00093356,          0.00030863,                   0,                   0,                   0,                   0,                   0,                   0,                   0,            0.000987,            0.000987,            0.000987
                  20,            0.035281,          0.00089659,          0.00035663,                   0,                   0,                   0,                   0,                   0,                   0,                   0,           0.0009585,           0.0009585,           0.0009585
                  21,            0.035491,          0.00090091,           0.0003053,                   0,                   0,                   0,                   0,                   0,                   0,                   0,             0.00093,             0.00093,             0.00093
                  22,             0.03398,          0.00086077,          0.00029123,                   0,                   0,                   0,                   0,                   0,                   0,                   0,           0.0009015,           0.0009015,           0.0009015
                  23,            0.034091,          0.00087151,          0.00040178,                   0,                   0,                   0,                   0,                   0,                   0,                   0,            0.000873,            0.000873,            0.000873
                  24,            0.033421,          0.00085461,          0.00027208,                   0,                   0,                   0,                   0,                   0,                   0,                   0,           0.0008445,           0.0008445,           0.0008445
                  25,              0.0325,          0.00081999,          0.00026648,                   0,                   0,                   0,                   0,                   0,                   0,                   0,            0.000816,            0.000816,            0.000816
                  26,            0.032009,          0.00082272,          0.00025084,                   0,                   0,                   0,                   0,                   0,                   0,                   0,           0.0007875,           0.0007875,           0.0007875
                  27,            0.032003,          0.00083007,          0.00026048,                   0,                   0,                   0,                   0,                   0,                   0,                   0,            0.000759,            0.000759,            0.000759
                  28,            0.031557,          0.00080959,          0.00026074,                   0,                   0,                   0,                   0,                   0,                   0,                   0,           0.0007305,           0.0007305,           0.0007305
                  29,             0.03012,          0.00078542,          0.00022911,                   0,                   0,                   0,                   0,                   0,                   0,                   0,            0.000702,            0.000702,            0.000702
                  30,             0.02986,           0.0007846,          0.00023864,                   0,                   0,                   0,                   0,                   0,                   0,                   0,           0.0006735,           0.0006735,           0.0006735
                  31,            0.029649,          0.00078005,          0.00022396,                   0,                   0,                   0,                   0,                   0,                   0,                   0,            0.000645,            0.000645,            0.000645
                  32,             0.02899,          0.00077132,          0.00024771,                   0,                   0,                   0,                   0,                   0,                   0,                   0,           0.0006165,           0.0006165,           0.0006165
                  33,            0.027559,          0.00073368,          0.00021909,                   0,                   0,                   0,                   0,                   0,                   0,                   0,            0.000588,            0.000588,            0.000588
                  34,            0.027542,          0.00072101,          0.00018897,                   0,                   0,                   0,                   0,                   0,                   0,                   0,           0.0005595,           0.0005595,           0.0005595
                  35,            0.025765,          0.00072349,          0.00019247,                   0,                   0,                   0,                   0,                   0,                   0,                   0,            0.000531,            0.000531,            0.000531
                  36,            0.025706,           0.0007085,          0.00020612,                   0,                   0,                   0,                   0,                   0,                   0,                   0,           0.0005025,           0.0005025,           0.0005025
                  37,            0.024757,           0.0007068,          0.00019381,                   0,                   0,                   0,                   0,                   0,                   0,                   0,            0.000474,            0.000474,            0.000474
                  38,             0.02427,          0.00068328,          0.00017101,                   0,                   0,                   0,                   0,                   0,                   0,                   0,           0.0004455,           0.0004455,           0.0004455
                  39,            0.023812,          0.00068613,          0.00018092,                   0,                   0,                   0,                   0,                   0,                   0,                   0,            0.000417,            0.000417,            0.000417
                  40,            0.023253,            0.000696,          0.00019456,                   0,                   0,                   0,                   0,                   0,                   0,                   0,           0.0003885,           0.0003885,           0.0003885
                  41,            0.022072,          0.00066469,          0.00016689,                   0,                   0,                   0,                   0,                   0,                   0,                   0,             0.00036,             0.00036,             0.00036
                  42,            0.021233,          0.00065485,           0.0001528,                   0,                   0,                   0,                   0,                   0,                   0,                   0,           0.0003315,           0.0003315,           0.0003315
                  43,            0.020353,          0.00064876,          0.00015432,                   0,                   0,                   0,                   0,                   0,                   0,                   0,            0.000303,            0.000303,            0.000303
                  44,            0.019226,          0.00063003,          0.00014392,                   0,                   0,                   0,                   0,                   0,                   0,                   0,           0.0002745,           0.0002745,           0.0002745
                  45,            0.018635,          0.00061692,          0.00013537,                   0,                   0,                   0,                   0,                   0,                   0,                   0,            0.000246,            0.000246,            0.000246
                  46,            0.017718,          0.00061398,          0.00012524,                   0,                   0,                   0,                   0,                   0,                   0,                   0,           0.0002175,           0.0002175,           0.0002175
                  47,            0.016225,          0.00059273,          0.00012585,                   0,                   0,                   0,                   0,                   0,                   0,                   0,            0.000189,            0.000189,            0.000189
                  48,            0.015753,           0.0005884,          0.00011936,                   0,                   0,                   0,                   0,                   0,                   0,                   0,           0.0001605,           0.0001605,           0.0001605
                  49,            0.014364,          0.00057266,          0.00011306,                   0,                   0,                   0,                   0,             0.22856,           0.0050056,            0.016525,            0.000132,            0.000132,            0.000132
                   0,             0.10396,           0.0063201,            0.031602,                   0,                   0,                   0,                   0,                   0,                   0,                   0,            0.083666,          0.00024874,          0.00024874
                   1,            0.066508,           0.0055156,            0.027973,                   0,                   0,                   0,                   0,                   0,                   0,                   0,             0.06724,          0.00048926,          0.00048926
                   2,             0.06356,           0.0041954,            0.012931,                   0,                   0,                   0,                   0,                   0,                   0,                   0,            0.050804,          0.00072029,          0.00072029
                   3,            0.061565,           0.0028685,           0.0066321,                   0,                   0,                   0,                   0,                   0,                   0,                   0,            0.034359,          0.00094181,          0.00094181
                   4,            0.060316,           0.0023343,           0.0038921,                   0,                   0,                   0,                   0,                   0,                   0,                   0,            0.017905,           0.0011538,           0.0011538
                   5,            0.059689,           0.0023436,           0.0032349,                   0,                   0,                   0,                   0,                   0,                   0,                   0,           0.0014405,           0.0013564,           0.0013564
                   6,            0.057556,           0.0021957,           0.0029782,                   0,                   0,                   0,                   0,                   0,                   0,                   0,            0.001329,            0.001329,            0.001329
                   7,            0.055285,           0.0020448,           0.0026905,                   0,                   0,                   0,                   0,                   0,                   0,                   0,            0.001329,            0.001329,            0.001329
                   8,            0.050662,           0.0018818,           0.0018878,                   0,                   0,                   0,                   0,                   0,                   0,                   0,           0.0013005,           0.0013005,           0.0013005
                   9,            0.049672,           0.0017846,           0.0020405,                   0,                   0,                   0,                   0,                   0,                   0,                   0,            0.001272,            0.001272,            0.001272
                  10,            0.047185,           0.0017353,           0.0012561,                   0,                   0,                   0,                   0,                   0,                   0,                   0,           0.0012435,           0.0012435,           0.0012435
                  11,            0.046682,           0.0016466,           0.0013091,                   0,                   0,                   0,                   0,                   0,                   0,                   0,            0.001215,            0.001215,            0.001215
                  12,            0.046756,           0.0017013,           0.0018532,                   0,                   0,                   0,                   0,                   0,                   0,                   0,           0.0011865,           0.0011865,           0.0011865
                  13,            0.048094,           0.0017208,           0.0022058,                   0,                   0,                   0,                   0,                   0,                   0,                   0,            0.001158,            0.001158,            0.001158
                  14,            0.047018,           0.0016925,           0.0016231,                   0,                   0,                   0,                   0,                   0,                   0,                   0,           0.0011295,           0.0011295,           0.0011295
                  15,            0.044151,           0.0015359,          0.00067359,                   0,                   0,                   0,                   0,                   0,                   0,                   0,            0.001101,            0.001101,            0.001101
                  16,            0.042457,           0.0015129,          0.00080741,                   0,                   0,                   0,                   0,                   0,                   0,                   0,           0.0010725,           0.0010725,           0.0010725
                  17,            0.042792,           0.0015391,          0.00066517,                   0,                   0,                   0,                   0,                   0,                   0,                   0,            0.001044,            0.001044,            0.001044
                  18,            0.041647,           0.0015605,          0.00091819,                   0,                   0,                   0,                   0,                   0,                   0,                   0,           0.0010155,           0.0010155,           0.0010155
                  19,            0.042988,           0.0015524,           0.0014668,                   0,                   0,                   0,                   0,                   0,                   0,                   0,            0.000987,            0.000987,            0.000987
                  20,            0.042057,           0.0014686,          0.00061966,                   0,                   0,                   0,                   0,                   0,                   0,                   0,           0.0009585,           0.0009585,           0.0009585
                  21,             0.04041,           0.0014919,          0.00099953,                   0,                   0,                   0,                   0,                   0,                   0,                   0,             0.00093,             0.00093,             0.00093
                  22,            0.039606,           0.0013678,          0.00052145,                   0,                   0,                   0,                   0,                   0,                   0,                   0,           0.0009015,           0.0009015,           0.0009015
                  23,             0.03875,            0.001391,          0.00060211,                   0,                   0,                   0,                   0,                   0,                   0,                   0,            0.000873,            0.000873,            0.000873
                  24,            0.040511,           0.0014134,           0.0010277,                   0,                   0,                   0,                   0,                   0,                   0,                   0,           0.0008445,           0.0008445,           0.0008445
                  25,            0.038523,           0.0014162,          0.00062436,                   0,                   0,                   0,                   0,                   0,                   0,                   0,            0.000816,            0.000816,            0.000816
                  26,            0.038972,           0.0014803,          0.00087474,                   0,                   0,                   0,                   0,                   0,                   0,                   0,           0.0007875,           0.0007875,           0.0007875
                  27,            0.037716,           0.0013929,          0.00062575,                   0,                   0,                   0,                   0,                   0,                   0,                   0,            0.000759,            0.000759,            0.000759
                  28,            0.037911,           0.0013405,          0.00044355,                   0,                   0,                   0,                   0,                   0,                   0,                   0,           0.0007305,           0.0007305,           0.0007305
                  29,            0.036981,           0.0013368,           0.0004859,                   0,                   0,                   0,                   0,                   0,                   0,                   0,            0.000702,            0.000702,            0.000702
                  30,             0.03612,           0.0013045,          0.00057155,                   0,                   0,                   0,                   0,                   0,                   0,                   0,           0.0006735,           0.0006735,           0.0006735
                  31,            0.035817,           0.0012662,          0.00028059,                   0,                   0,                   0,                   0,                   0,                   0,                   0,            0.000645,            0.000645,            0.000645
                  32,             0.03577,           0.0012849,          0.00034154,                   0,                   0,                   0,                   0,                   0,                   0,                   0,           0.0006165,           0.0006165,           0.0006165
                  33,            0.035285,           0.0012829,          0.00046031,                   0,                   0,                   0,                   0,                   0,                   0,                   0,            0.000588,            0.000588,            0.000588
                  34,            0.034948,           0.0012644,          0.00051189,                   0,                   0,                   0,                   0,                   0,                   0,                   0,           0.0005595,           0.0005595,           0.0005595
                  35,            0.034052,           0.0012686,           0.0005325,                   0,                   0,                   0,                   0,                   0,                   0,                   0,            0.000531,            0.000531,            0.000531
                   0,             0.10469,             0.00457,            0.028305,                   0,                   0,                   0,                   0,                   0,                   0,                   0,            0.083654,          0.00024892,          0.00024892
                   1,            0.070463,           0.0040383,            0.010599,                   0,                   0,                   0,                   0,                   0,                   0,                   0,            0.067228,          0.00048944,          0.00048944
                   2,            0.064193,           0.0033059,           0.0035152,                   0,                   0,                   0,                   0,                   0,                   0,                   0,            0.050793,          0.00072046,          0.00072046
                   3,            0.058197,           0.0025773,            0.001843,                   0,                   0,                   0,                   0,                   0,                   0,                   0,            0.034347,          0.00094198,          0.00094198
                   4,            0.056774,           0.0021873,           0.0015388,                   0,                   0,                   0,                   0,                   0,                   0,                   0,            0.017893,            0.001154,            0.001154
                   5,            0.052649,           0.0018862,           0.0012746,                   0,                   0,                   0,                   0,                   0,                   0,                   0,           0.0014287,           0.0013565,           0.0013565
                   6,            0.051978,           0.0016355,           0.0010293,                   0,                   0,                   0,                   0,                   0,                   0,                   0,            0.001329,            0.001329,            0.001329
                   0,             0.10469,             0.00457,            0.028305,                   0,                   0,                   0,                   0,                   0,                   0,                   0,            0.083654,          0.00024892,          0.00024892
                   1,            0.070463,           0.0040383,            0.010599,                   0,                   0,                   0,                   0,                   0,                   0,                   0,            0.067228,          0.00048944,          0.00048944
                   2,            0.064193,           0.0033059,           0.0035152,                   0,                   0,                   0,                   0,                   0,                   0,                   0,            0.050793,          0.00072046,          0.00072046
                   3,            0.058197,           0.0025773,            0.001843,                   0,                   0,                   0,                   0,                   0,                   0,                   0,            0.034347,          0.00094198,          0.00094198
                   4,            0.056774,           0.0021873,           0.0015388,                   0,                   0,                   0,                   0,                   0,                   0,                   0,            0.017893,            0.001154,            0.001154
                   5,            0.052649,           0.0018862,           0.0012746,                   0,                   0,                   0,                   0,                   0,                   0,                   0,           0.0014287,           0.0013565,           0.0013565
                   6,            0.051978,           0.0016355,           0.0010293,                   0,                   0,                   0,                   0,                   0,                   0,                   0,            0.001329,            0.001329,            0.001329
                   7,            0.046317,           0.0013564,          0.00077589,                   0,                   0,                   0,                   0,                   0,                   0,                   0,            0.001329,            0.001329,            0.001329
                   8,            0.048386,           0.0013365,          0.00072878,                   0,                   0,                   0,                   0,                   0,                   0,                   0,           0.0013005,           0.0013005,           0.0013005
                   9,            0.045366,           0.0012428,          0.00080819,                   0,                   0,                   0,                   0,                   0,                   0,                   0,            0.001272,            0.001272,            0.001272
                  10,            0.042416,           0.0011349,          0.00055096,                   0,                   0,                   0,                   0,                   0,                   0,                   0,           0.0012435,           0.0012435,           0.0012435
                  11,            0.042388,            0.001101,           0.0005475,                   0,                   0,                   0,                   0,                   0,                   0,                   0,            0.001215,            0.001215,            0.001215
                  12,            0.040142,            0.001047,          0.00049312,                   0,                   0,                   0,                   0,                   0,                   0,                   0,           0.0011865,           0.0011865,           0.0011865
                  13,            0.041315,           0.0011141,          0.00054526,                   0,                   0,                   0,                   0,                   0,                   0,                   0,            0.001158,            0.001158,            0.001158
                  14,            0.039868,             0.00104,          0.00046929,                   0,                   0,                   0,                   0,                   0,                   0,                   0,           0.0011295,           0.0011295,           0.0011295
                  15,            0.038805,           0.0010225,          0.00038659,                   0,                   0,                   0,                   0,                   0,                   0,                   0,            0.001101,            0.001101,            0.001101
                  16,             0.03775,          0.00094583,          0.00045386,                   0,                   0,                   0,                   0,                   0,                   0,                   0,           0.0010725,           0.0010725,           0.0010725
                  17,            0.036651,          0.00093781,           0.0003932,                   0,                   0,                   0,                   0,                   0,                   0,                   0,            0.001044,            0.001044,            0.001044
                  18,            0.037172,           0.0009629,          0.00035284,                   0,                   0,                   0,                   0,                   0,                   0,                   0,           0.0010155,           0.0010155,           0.0010155
                  19,            0.036565,          0.00093356,          0.00030863,                   0,                   0,                   0,                   0,                   0,                   0,                   0,            0.000987,            0.000987,            0.000987
                  20,            0.035281,          0.00089659,          0.00035663,                   0,                   0,                   0,                   0,                   0,                   0,                   0,           0.0009585,           0.0009585,           0.0009585
                  21,            0.035491,          0.00090091,           0.0003053,                   0,                   0,                   0,                   0,                   0,                   0,                   0,             0.00093,             0.00093,             0.00093
                  22,             0.03398,          0.00086077,          0.00029123,                   0,                   0,                   0,                   0,                   0,                   0,                   0,           0.0009015,           0.0009015,           0.0009015
                  23,            0.034091,          0.00087151,          0.00040178,                   0,                   0,                   0,                   0,                   0,                   0,                   0,            0.000873,            0.000873,            0.000873
                  24,            0.033421,          0.00085461,          0.00027208,                   0,                   0,                   0,                   0,                   0,                   0,                   0,           0.0008445,           0.0008445,           0.0008445
                  25,              0.0325,          0.00081999,          0.00026648,                   0,                   0,                   0,                   0,                   0,                   0,                   0,            0.000816,            0.000816,            0.000816
                  26,            0.032009,          0.00082272,          0.00025084,                   0,                   0,                   0,                   0,                   0,                   0,                   0,           0.0007875,           0.0007875,           0.0007875
                  27,            0.032003,          0.00083007,          0.00026048,                   0,                   0,                   0,                   0,                   0,                   0,                   0,            0.000759,            0.000759,            0.000759
                  28,            0.031557,          0.00080959,          0.00026074,                   0,                   0,                   0,                   0,                   0,                   0,                   0,           0.0007305,           0.0007305,           0.0007305
                  29,             0.03012,          0.00078542,          0.00022911,                   0,                   0,                   0,                   0,                   0,                   0,                   0,            0.000702,            0.000702,            0.000702
                  30,             0.02986,           0.0007846,          0.00023864,                   0,                   0,                   0,                   0,                   0,                   0,                   0,           0.0006735,           0.0006735,           0.0006735
                  31,            0.029649,          0.00078005,          0.00022396,                   0,                   0,                   0,                   0,                   0,                   0,                   0,            0.000645,            0.000645,            0.000645
                  32,             0.02899,          0.00077132,          0.00024771,                   0,                   0,                   0,                   0,                   0,                   0,                   0,           0.0006165,           0.0006165,           0.0006165
                  33,            0.027559,          0.00073368,          0.00021909,                   0,                   0,                   0,                   0,                   0,                   0,                   0,            0.000588,            0.000588,            0.000588
                  34,            0.027542,          0.00072101,          0.00018897,                   0,                   0,                   0,                   0,                   0,                   0,                   0,           0.0005595,           0.0005595,           0.0005595
                  35,            0.025765,          0.00072349,          0.00019247,                   0,                   0,                   0,                   0,                   0,                   0,                   0,            0.000531,            0.000531,            0.000531
                  36,            0.025706,           0.0007085,          0.00020612,                   0,                   0,                   0,                   0,                   0,                   0,                   0,           0.0005025,           0.0005025,           0.0005025
                  37,            0.024757,           0.0007068,          0.00019381,                   0,                   0,                   0,                   0,                   0,                   0,                   0,            0.000474,            0.000474,            0.000474
                  38,             0.02427,          0.00068328,          0.00017101,                   0,                   0,                   0,                   0,                   0,                   0,                   0,           0.0004455,           0.0004455,           0.0004455
                  39,            0.023812,          0.00068613,          0.00018092,                   0,                   0,                   0,                   0,                   0,                   0,                   0,            0.000417,            0.000417,            0.000417
                  40,            0.023253,            0.000696,          0.00019456,                   0,                   0,                   0,                   0,                   0,                   0,                   0,           0.0003885,           0.0003885,           0.0003885
                  41,            0.022072,          0.00066469,          0.00016689,                   0,                   0,                   0,                   0,                   0,                   0,                   0,             0.00036,             0.00036,             0.00036
                  42,            0.021233,          0.00065485,           0.0001528,                   0,                   0,                   0,                   0,                   0,                   0,                   0,           0.0003315,           0.0003315,           0.0003315
                  43,            0.020353,          0.00064876,          0.00015432,                   0,                   0,                   0,                   0,                   0,                   0,                   0,            0.000303,            0.000303,            0.000303
                  44,            0.019226,          0.00063003,          0.00014392,                   0,                   0,                   0,                   0,                   0,                   0,                   0,           0.0002745,           0.0002745,           0.0002745
                  45,            0.018635,          0.00061692,          0.00013537,                   0,                   0,                   0,                   0,                   0,                   0,                   0,            0.000246,            0.000246,            0.000246
                  46,            0.017718,          0.00061398,          0.00012524,                   0,                   0,                   0,                   0,                   0,                   0,                   0,           0.0002175,           0.0002175,           0.0002175
                  47,            0.016225,          0.00059273,          0.00012585,                   0,                   0,                   0,                   0,                   0,                   0,                   0,            0.000189,            0.000189,            0.000189
                  48,            0.015753,           0.0005884,          0.00011936,                   0,                   0,                   0,                   0,                   0,                   0,                   0,           0.0001605,           0.0001605,           0.0001605
                  49,            0.014364,          0.00057266,          0.00011306,                   0,                   0,                   0,                   0,             0.22856,           0.0050056,            0.016525,            0.000132,            0.000132,            0.000132
                   0,             0.10549,           0.0063117,            0.031619,                   0,                   0,                   0,                   0,                   0,                   0,                   0,             0.08366,          0.00024884,          0.00024884
                   1,            0.067786,           0.0054465,             0.02549,                   0,                   0,                   0,                   0,                   0,                   0,                   0,            0.067234,          0.00048936,          0.00048936
                   2,            0.063016,            0.003954,            0.010525,                   0,                   0,                   0,                   0,                   0,                   0,                   0,            0.050798,          0.00072038,          0.00072038
                   3,            0.060421,           0.0029072,           0.0060375,                   0,                   0,                   0,                   0,                   0,                   0,                   0,            0.034353,           0.0009419,           0.0009419
                   4,            0.061025,           0.0024664,           0.0041145,                   0,                   0,                   0,                   0,                   0,                   0,                   0,            0.017898,           0.0011539,           0.0011539
                   5,            0.058118,           0.0021459,           0.0023445,                   0,                   0,                   0,                   0,                   0,                   0,                   0,            0.001434,           0.0013564,           0.0013564
                   6,            0.056796,            0.002075,           0.0024871,                   0,                   0,                   0,                   0,                   0,                   0,                   0,            0.001329,            0.001329,            0.001329
                   7,            0.052624,           0.0019765,           0.0024667,                   0,                   0,                   0,                   0,                   0,                   0,                   0,            0.001329,            0.001329,            0.001329
                   8,            0.053693,           0.0018026,           0.0018537,                   0,                   0,                   0,                   0,                   0,                   0,                   0,           0.0013005,           0.0013005,           0.0013005
                   9,            0.052056,            0.001863,           0.0020311,                   0,                   0,                   0,                   0,                   0,                   0,                   0,            0.001272,            0.001272,            0.001272
                  10,            0.047435,           0.0016508,           0.0014655,                   0,                   0,                   0,                   0,                   0,                   0,                   0,           0.0012435,           0.0012435,           0.0012435
                  11,            0.048711,           0.0017555,           0.0016918,                   0,                   0,                   0,                   0,                   0,                   0,                   0,            0.001215,            0.001215,            0.001215
                  12,            0.046428,           0.0016141,           0.0014601,                   0,                   0,                   0,                   0,                   0,                   0,                   0,           0.0011865,           0.0011865,           0.0011865
                  13,            0.045732,           0.0016112,           0.0014112,                   0,                   0,                   0,                   0,                   0,                   0,                   0,            0.001158,            0.001158,            0.001158
                  14,            0.045428,             0.00155,          0.00078434,                   0,                   0,                   0,                   0,                   0,                   0,                   0,           0.0011295,           0.0011295,           0.0011295
                  15,            0.044077,           0.0015723,          0.00098594,                   0,                   0,                   0,                   0,                   0,                   0,                   0,            0.001101,            0.001101,            0.001101
                  16,            0.042163,           0.0014643,          0.00094917,                   0,                   0,                   0,                   0,                   0,                   0,                   0,           0.0010725,           0.0010725,           0.0010725
                  17,            0.044061,           0.0015512,           0.0013981,                   0,                   0,                   0,                   0,                   0,                   0,                   0,            0.001044,            0.001044,            0.001044
                  18,            0.043226,           0.0015708,           0.0009275,                   0,                   0,                   0,                   0,                   0,                   0,                   0,           0.0010155,           0.0010155,           0.0010155
                  19,             0.04136,           0.0014877,          0.00091782,                   0,                   0,                   0,                   0,                   0,                   0,                   0,            0.000987,            0.000987,            0.000987
                  20,            0.040861,           0.0014685,           0.0010189,                   0,                   0,                   0,                   0,                   0,                   0,                   0,           0.0009585,           0.0009585,           0.0009585
                  21,            0.041235,           0.0014907,          0.00089627,                   0,                   0,                   0,                   0,                   0,                   0,                   0,             0.00093,             0.00093,             0.00093
                  22,             0.04012,           0.0014326,          0.00082859,                   0,                   0,                   0,                   0,                   0,                   0,                   0,           0.0009015,           0.0009015,           0.0009015
                  23,            0.038609,           0.0013975,          0.00071659,                   0,                   0,                   0,                   0,                   0,                   0,                   0,            0.000873,            0.000873,            0.000873
                  24,            0.039979,           0.0013859,           0.0006092,                   0,                   0,                   0,                   0,                   0,                   0,                   0,           0.0008445,           0.0008445,           0.0008445
                  25,            0.037685,           0.0013834,          0.00074675,                   0,                   0,                   0,                   0,                   0,                   0,                   0,            0.000816,            0.000816,            0.000816
                  26,            0.039267,           0.0013617,          0.00060475,                   0,                   0,                   0,                   0,                   0,                   0,                   0,           0.0007875,           0.0007875,           0.0007875
                  27,            0.037952,           0.0013943,            0.001244,                   0,                   0,                   0,                   0,                   0,                   0,                   0,            0.000759,            0.000759,            0.000759
                  28,            0.037194,           0.0012837,          0.00060697,                   0,                   0,                   0,                   0,                   0,                   0,                   0,           0.0007305,           0.0007305,           0.0007305
                  29,            0.037155,           0.0012681,          0.00041659,                   0,                   0,                   0,                   0,                   0,                   0,                   0,            0.000702,            0.000702,            0.000702
                  30,            0.036898,           0.0013171,          0.00086717,                   0,                   0,                   0,                   0,                   0,                   0,                   0,           0.0006735,           0.0006735,           0.0006735
                  31,            0.035985,           0.0012923,          0.00048862,                   0,                   0,                   0,                   0,                   0,                   0,                   0,            0.000645,            0.000645,            0.000645
                  32,            0.036389,           0.0012858,           0.0006006,                   0,                   0,                   0,                   0,                   0,                   0,                   0,           0.0006165,           0.0006165,           0.0006165
                  33,            0.034928,           0.0012572,          0.00052232,                   0,                   0,                   0,                   0,                   0,                   0,                   0,            0.000588,            0.000588,            0.000588
                  34,            0.033467,           0.0012599,          0.00031803,                   0,                   0,                   0,                   0,                   0,                   0,                   0,           0.0005595,           0.0005595,           0.0005595
                  35,            0.033741,           0.0012224,            0.000383,                   0,                   0,                   0,                   0,                   0,                   0,                   0,            0.000531,            0.000531,            0.000531
                  36,            0.032956,           0.0012498,          0.00040612,                   0,                   0,                   0,                   0,                   0,                   0,                   0,           0.0005025,           0.0005025,           0.0005025
                  37,             0.03274,           0.0012039,          0.00029959,                   0,                   0,                   0,                   0,                   0,                   0,                   0,            0.000474,            0.000474,            0.000474
                  38,             0.03299,           0.0011726,          0.00037358,                   0,                   0,                   0,                   0,                   0,                   0,                   0,           0.0004455,           0.0004455,           0.0004455
                  39,            0.032668,           0.0011547,          0.00021591,                   0,                   0,                   0,                   0,                   0,                   0,                   0,            0.000417,            0.000417,            0.000417
                  40,            0.031885,           0.0011547,          0.00024904,                   0,                   0,                   0,                   0,                   0,                   0,                   0,           0.0003885,           0.0003885,           0.0003885
                  41,            0.031198,           0.0011458,          0.00033319,                   0,                   0,                   0,                   0,                   0,                   0,                   0,             0.00036,             0.00036,             0.00036
                  42,            0.030799,           0.0011113,          0.00030791,                   0,                   0,                   0,                   0,                   0,                   0,                   0,           0.0003315,           0.0003315,           0.0003315
                  43,            0.029669,            0.001105,          0.00018757,                   0,                   0,                   0,                   0,                   0,                   0,                   0,            0.000303,            0.000303,            0.000303
                  44,            0.028735,           0.0011185,          0.00026433,                   0,                   0,                   0,                   0,                   0,                   0,                   0,           0.0002745,           0.0002745,           0.0002745
                  45,            0.029091,           0.0010882,          0.00019457,                   0,                   0,                   0,                   0,                   0,                   0,                   0,            0.000246,            0.000246,            0.000246
                  46,            0.028607,           0.0010945,          0.00013788,                   0,                   0,                   0,                   0,                   0,                   0,                   0,           0.0002175,           0.0002175,           0.0002175
                  47,            0.028104,           0.0011265,          0.00023073,                   0,                   0,                   0,                   0,                   0,                   0,                   0,            0.000189,            0.000189,            0.000189
                  48,            0.027336,           0.0010544,          0.00019532,                   0,                   0,                   0,                   0,                   0,                   0,                   0,           0.0001605,           0.0001605,           0.0001605
                  49,            0.026596,           0.0010382,          0.00019738,            0.016402,             0.46667,            0.056817,           0.0056817,             0.21143,           0.0076081,            0.011066,            0.000132,            0.000132,            0.000132
                   0,             0.10164,           0.0046075,            0.030817,                   0,                   0,                   0,                   0,                   0,                   0,                   0,            0.083656,          0.00024889,          0.00024889
                   1,            0.066411,            0.004142,            0.016147,                   0,                   0,                   0,                   0,                   0,                   0,                   0,             0.06723,          0.00048941,          0.00048941
                   2,            0.059391,           0.0035234,           0.0054819,                   0,                   0,                   0,                   0,                   0,                   0,                   0,            0.050795,          0.00072043,          0.00072043
                   3,            0.056235,           0.0029995,           0.0027102,                   0,                   0,                   0,                   0,                   0,                   0,                   0,            0.034349,          0.00094195,          0.00094195
                   4,            0.056189,           0.0025795,           0.0017133,                   0,                   0,                   0,                   0,                   0,                   0,                   0,            0.017895,            0.001154,            0.001154
                   5,            0.054392,           0.0021857,           0.0014874,                   0,                   0,                   0,                   0,                   0,                   0,                   0,           0.0014306,           0.0013565,           0.0013565
                   6,            0.051692,           0.0019245,           0.0010948,                   0,                   0,                   0,                   0,                   0,                   0,                   0,            0.001329,            0.001329,            0.001329
                   7,            0.045684,           0.0015018,          0.00077003,                   0,                   0,                   0,                   0,                   0,                   0,                   0,            0.001329,            0.001329,            0.001329
                   8,            0.046732,           0.0014482,          0.00070178,                   0,                   0,                   0,                   0,                   0,                   0,                   0,           0.0013005,           0.0013005,           0.0013005
                   9,             0.04402,            0.001368,          0.00061725,                   0,                   0,                   0,                   0,                   0,                   0,                   0,            0.001272,            0.001272,            0.001272
                  10,            0.042318,           0.0012554,          0.00064218,                   0,                   0,                   0,                   0,                   0,                   0,                   0,           0.0012435,           0.0012435,           0.0012435
                  11,            0.042198,           0.0012339,          0.00050846,                   0,                   0,                   0,                   0,                   0,                   0,                   0,            0.001215,            0.001215,            0.001215
                  12,            0.041515,           0.0011975,          0.00046735,                   0,                   0,                   0,                   0,                   0,                   0,                   0,           0.0011865,           0.0011865,           0.0011865
                  13,            0.040359,           0.0011896,          0.00040641,                   0,                   0,                   0,                   0,                   0,                   0,                   0,            0.001158,            0.001158,            0.001158
                  14,            0.039792,           0.0011277,           0.0004201,                   0,                   0,                   0,                   0,                   0,                   0,                   0,           0.0011295,           0.0011295,           0.0011295
                  15,            0.040019,           0.0011133,          0.00042369,                   0,                   0,                   0,                   0,                   0,                   0,                   0,            0.001101,            0.001101,            0.001101
                  16,            0.039867,           0.0010816,          0.00042881,                   0,                   0,                   0,                   0,                   0,                   0,                   0,           0.0010725,           0.0010725,           0.0010725
                  17,             0.03678,           0.0010543,          0.00046295,                   0,                   0,                   0,                   0,                   0,                   0,                   0,            0.001044,            0.001044,            0.001044
                  18,            0.036675,           0.0010106,          0.00033909,                   0,                   0,                   0,                   0,                   0,                   0,                   0,           0.0010155,           0.0010155,           0.0010155
                  19,            0.035736,          0.00096574,          0.00028245,                   0,                   0,                   0,                   0,                   0,                   0,                   0,            0.000987,            0.000987,            0.000987
                  20,            0.036621,           0.0010193,          0.00048815,                   0,                   0,                   0,                   0,                   0,                   0,                   0,           0.0009585,           0.0009585,           0.0009585
                  21,            0.035502,          0.00096367,           0.0003257,                   0,                   0,                   0,                   0,                   0,                   0,                   0,             0.00093,             0.00093,             0.00093
                  22,            0.034272,            0.000927,          0.00028259,                   0,                   0,                   0,                   0,                   0,                   0,                   0,           0.0009015,           0.0009015,           0.0009015
                  23,            0.033535,          0.00089921,          0.00028364,                   0,                   0,                   0,                   0,                   0,                   0,                   0,            0.000873,            0.000873,            0.000873
                  24,            0.032141,          0.00087759,          0.00025702,                   0,                   0,                   0,                   0,                   0,                   0,                   0,           0.0008445,           0.0008445,           0.0008445
                  25,             0.03199,          0.00086792,          0.00026261,                   0,                   0,                   0,                   0,                   0,                   0,                   0,            0.000816,            0.000816,            0.000816
                  26,            0.032565,          0.00085814,          0.00023575,                   0,                   0,                   0,                   0,                   0,                   0,                   0,           0.0007875,           0.0007875,           0.0007875
                  27,            0.031349,          0.00087481,          0.00024444,                   0,                   0,                   0,                   0,                   0,                   0,                   0,            0.000759,            0.000759,            0.000759
                  28,            0.030806,          0.00085773,          0.00043914,                   0,                   0,                   0,                   0,                   0,                   0,                   0,           0.0007305,           0.0007305,           0.0007305
                  29,            0.029966,          0.00082054,          0.00028908,                   0,                   0,                   0,                   0,                   0,                   0,                   0,            0.000702,            0.000702,            0.000702
                  30,             0.02895,          0.00081105,          0.00022342,                   0,                   0,                   0,                   0,                   0,                   0,                   0,           0.0006735,           0.0006735,           0.0006735
                  31,            0.028399,          0.00078573,          0.00019783,                   0,                   0,                   0,                   0,                   0,                   0,                   0,            0.000645,            0.000645,            0.000645
                  32,            0.027984,          0.00077907,          0.00018775,                   0,                   0,                   0,                   0,                   0,                   0,                   0,           0.0006165,           0.0006165,           0.0006165
                  33,             0.02747,           0.0007657,          0.00019669,                   0,                   0,                   0,                   0,                   0,                   0,                   0,            0.000588,            0.000588,            0.000588
                  34,            0.026837,          0.00074674,          0.00019168,                   0,                   0,                   0,                   0,                   0,                   0,                   0,           0.0005595,           0.0005595,           0.0005595
                  35,            0.025741,          0.00074321,          0.00017592,                   0,                   0,                   0,                   0,                   0,                   0,                   0,            0.000531,            0.000531,            0.000531
                  36,            0.025845,            0.000732,          0.00017865,                   0,                   0,                   0,                   0,                   0,                   0,                   0,           0.0005025,           0.0005025,           0.0005025
                  37,            0.024847,          0.00073091,          0.00015735,                   0,                   0,                   0,                   0,                   0,                   0,                   0,            0.000474,            0.000474,            0.000474
                  38,            0.024755,          0.00071315,          0.00016344,                   0,                   0,                   0,                   0,                   0,                   0,                   0,           0.0004455,           0.0004455,           0.0004455
                  39,            0.024006,          0.00069621,           0.0001803,                   0,                   0,                   0,                   0,                   0,                   0,                   0,            0.000417,            0.000417,            0.000417
                  40,            0.023482,          0.00069762,          0.00015541,                   0,                   0,                   0,                   0,                   0,                   0,                   0,           0.0003885,           0.0003885,           0.0003885
                  41,             0.02253,             0.00068,          0.00013518,                   0,                   0,                   0,                   0,                   0,                   0,                   0,             0.00036,             0.00036,             0.00036
                  42,            0.021313,           0.0006593,           0.0001368,                   0,                   0,                   0,                   0,                   0,                   0,                   0,           0.0003315,           0.0003315,           0.0003315
                  43,            0.020573,          0.00065467,          0.00013147,                   0,                   0,                   0,                   0,                   0,                   0,                   0,            0.000303,            0.000303,            0.000303
                  44,            0.019922,          0.00064547,          0.00012917,                   0,                   0,                   0,                   0,                   0,                   0,                   0,           0.0002745,           0.0002745,           0.0002745
                  45,            0.018913,          0.00063315,          0.00012485,                   0,                   0,                   0,                   0,                   0,                   0,                   0,            0.000246,            0.000246,            0.000246
                  46,            0.018321,          0.00062409,          0.00011741,                   0,                   0,                   0,                   0,                   0,                   0,                   0,           0.0002175,           0.0002175,           0.0002175
                  47,            0.016827,          0.00060652,          0.00010831,                   0,                   0,                   0,                   0,                   0,                   0,                   0,            0.000189,            0.000189,            0.000189
                  48,            0.016892,          0.00060643,          0.00011076,                   0,                   0,                   0,                   0,                   0,                   0,                   0,           0.0001605,           0.0001605,           0.0001605
                  49,            0.015471,          0.00059439,          0.00010452,                   0,                   0,                   0,                   0,             0.22832,           0.0046877,            0.016196,            0.000132,            0.000132,            0.000132
                   0,             0.11003,           0.0060472,            0.031448,                   0,                   0,                   0,                   0,                   0,                   0,                   0,            0.083663,          0.00024878,          0.00024878
                   1,             0.06977,           0.0054723,            0.030233,                   0,                   0,                   0,                   0,                   0,                   0,                   0,            0.067237,           0.0004893,           0.0004893
                   2,            0.065281,           0.0039847,            0.022819,                   0,                   0,                   0,                   0,                   0,                   0,                   0,            0.050802,          0.00072033,          0.00072033
                   3,             0.06343,           0.0030642,            0.010691,                   0,                   0,                   0,                   0,                   0,                   0,                   0,            0.034356,          0.00094185,          0.00094185
                   4,            0.062992,            0.002542,           0.0070581,                   0,                   0,                   0,                   0,                   0,                   0,                   0,            0.017902,           0.0011539,           0.0011539
                   5,            0.064031,           0.0024102,           0.0058312,                   0,                   0,                   0,                   0,                   0,                   0,                   0,           0.0014377,           0.0013564,           0.0013564
                   6,            0.062124,           0.0022891,           0.0044704,                   0,                   0,                   0,                   0,                   0,                   0,                   0,            0.001329,            0.001329,            0.001329
                   7,            0.056574,            0.002154,            0.003882,                   0,                   0,                   0,                   0,                   0,                   0,                   0,            0.001329,            0.001329,            0.001329
                   8,            0.055562,           0.0019623,           0.0027177,                   0,                   0,                   0,                   0,                   0,                   0,                   0,           0.0013005,           0.0013005,           0.0013005
                   9,            0.054119,           0.0018986,           0.0027565,                   0,                   0,                   0,                   0,                   0,                   0,                   0,            0.001272,            0.001272,            0.001272
                  10,             0.05288,           0.0018361,           0.0025749,                   0,                   0,                   0,                   0,                   0,                   0,                   0,           0.0012435,           0.0012435,           0.0012435
                  11,            0.050129,           0.0018054,           0.0030542,                   0,                   0,                   0,                   0,                   0,                   0,                   0,            0.001215,            0.001215,            0.001215
                  12,            0.049386,           0.0017421,           0.0018675,                   0,                   0,                   0,                   0,                   0,                   0,                   0,           0.0011865,           0.0011865,           0.0011865
                  13,            0.048057,           0.0016934,           0.0021553,                   0,                   0,                   0,                   0,                   0,                   0,                   0,            0.001158,            0.001158,            0.001158
                  14,            0.048118,           0.0017081,           0.0023065,                   0,                   0,                   0,                   0,                   0,                   0,                   0,           0.0011295,           0.0011295,           0.0011295
                  15,            0.047777,           0.0016746,            0.002089,                   0,                   0,                   0,                   0,                   0,                   0,                   0,            0.001101,            0.001101,            0.001101
                  16,            0.045868,           0.0016141,           0.0016962,                   0,                   0,                   0,                   0,                   0,                   0,                   0,           0.0010725,           0.0010725,           0.0010725
                  17,            0.045633,           0.0015685,            0.001897,                   0,                   0,                   0,                   0,                   0,                   0,                   0,            0.001044,            0.001044,            0.001044
                  18,            0.044826,           0.0016256,           0.0016355,                   0,                   0,                   0,                   0,                   0,                   0,                   0,           0.0010155,           0.0010155,           0.0010155
                  19,            0.043875,           0.0015893,           0.0013839,                   0,                   0,                   0,                   0,                   0,                   0,                   0,            0.000987,            0.000987,            0.000987
                  20,            0.042869,           0.0015131,           0.0011953,                   0,                   0,                   0,                   0,                   0,                   0,                   0,           0.0009585,           0.0009585,           0.0009585
                  21,            0.043406,           0.0015204,           0.0011815,                   0,                   0,                   0,                   0,                   0,                   0,                   0,             0.00093,             0.00093,             0.00093
                  22,            0.042754,             0.00156,           0.0016267,                   0,                   0,                   0,                   0,                   0,                   0,                   0,           0.0009015,           0.0009015,           0.0009015
                  23,               0.042,             0.00154,           0.0015763,                   0,                   0,                   0,                   0,                   0,                   0,                   0,            0.000873,            0.000873,            0.000873
                  24,              0.0416,           0.0014721,           0.0013571,                   0,                   0,                   0,                   0,                   0,                   0,                   0,           0.0008445,           0.0008445,           0.0008445
                  25,            0.040323,            0.001453,           0.0011893,                   0,                   0,                   0,                   0,                   0,                   0,                   0,            0.000816,            0.000816,            0.000816
                  26,            0.039992,           0.0014105,          0.00099514,                   0,                   0,                   0,                   0,                   0,                   0,                   0,           0.0007875,           0.0007875,           0.0007875
                  27,            0.040591,           0.0014638,           0.0014221,                   0,                   0,                   0,                   0,                   0,                   0,                   0,            0.000759,            0.000759,            0.000759
                  28,            0.039551,           0.0014768,           0.0010855,                   0,                   0,                   0,                   0,                   0,                   0,                   0,           0.0007305,           0.0007305,           0.0007305
                  29,            0.038855,           0.0013615,           0.0010626,                   0,                   0,                   0,                   0,                   0,                   0,                   0,            0.000702,            0.000702,            0.000702
                  30,            0.037872,           0.0013598,            0.001297,                   0,                   0,                   0,                   0,                   0,                   0,                   0,           0.0006735,           0.0006735,           0.0006735
                  31,            0.037853,           0.0014243,           0.0010975,                   0,                   0,                   0,                   0,                   0,                   0,                   0,            0.000645,            0.000645,            0.000645
                  32,             0.03662,           0.0013391,           0.0013102,                   0,                   0,                   0,                   0,                   0,                   0,                   0,           0.0006165,           0.0006165,           0.0006165
                  33,            0.036966,            0.001325,           0.0010995,                   0,                   0,                   0,                   0,                   0,                   0,                   0,            0.000588,            0.000588,            0.000588
                  34,            0.036759,            0.001363,           0.0010203,                   0,                   0,                   0,                   0,                   0,                   0,                   0,           0.0005595,           0.0005595,           0.0005595
                  35,            0.037267,           0.0013372,          0.00098716,                   0,                   0,                   0,                   0,                   0,                   0,                   0,            0.000531,            0.000531,            0.000531
                  36,            0.036029,            0.001282,           0.0007661,                   0,                   0,                   0,                   0,                   0,                   0,                   0,           0.0005025,           0.0005025,           0.0005025
                  37,             0.03488,           0.0012775,          0.00077793,                   0,                   0,                   0,                   0,                   0,                   0,                   0,            0.000474,            0.000474,            0.000474
                  38,            0.035629,           0.0013031,           0.0010248,                   0,                   0,                   0,                   0,                   0,                   0,                   0,           0.0004455,           0.0004455,           0.0004455
                  39,            0.034048,           0.0012454,          0.00097211,                   0,                   0,                   0,                   0,                   0,                   0,                   0,            0.000417,            0.000417,            0.000417
                  40,            0.033572,           0.0012527,          0.00067776,                   0,                   0,                   0,                   0,                   0,                   0,                   0,           0.0003885,           0.0003885,           0.0003885
                  41,            0.032793,           0.0012595,          0.00066122,                   0,                   0,                   0,                   0,                   0,                   0,                   0,             0.00036,             0.00036,             0.00036
                  42,            0.032543,           0.0012155,          0.00057597,                   0,                   0,                   0,                   0,                   0,                   0,                   0,           0.0003315,           0.0003315,           0.0003315
                  43,            0.032588,           0.0011762,          0.00061976,                   0,                   0,                   0,                   0,                   0,                   0,                   0,            0.000303,            0.000303,            0.000303
                  44,            0.031854,           0.0011979,          0.00049936,                   0,                   0,                   0,                   0,                   0,                   0,                   0,           0.0002745,           0.0002745,           0.0002745
                  45,            0.031111,           0.0012016,          0.00049331,                   0,                   0,                   0,                   0,                   0,                   0,                   0,            0.000246,            0.000246,            0.000246
                  46,             0.03005,           0.0011104,          0.00040025,                   0,                   0,                   0,                   0,                   0,                   0,                   0,           0.0002175,           0.0002175,           0.0002175
                  47,            0.030794,           0.0011153,          0.00057573,                   0,                   0,                   0,                   0,                   0,                   0,                   0,            0.000189,            0.000189,            0.000189
                  48,            0.029979,             0.00113,          0.00064516,                   0,                   0,                   0,                   0,                   0,                   0,                   0,           0.0001605,           0.0001605,           0.0001605
                  49,            0.029101,           0.0011084,          0.00044464,             0.20647,                 0.4,             0.15771,            0.072574,             0.18811,           0.0091898,            0.010904,            0.000132,            0.000132,            0.000132
                   0,             0.11832,            0.006764,            0.031818,                   0,                   0,                   0,                   0,                   0,                   0,                   0,             0.08366,          0.00024884,          0.00024884
                   1,              0.0841,           0.0058589,            0.030392,                   0,                   0,                   0,                   0,                   0,                   0,                   0,            0.067234,          0.00048936,          0.00048936
                   2,            0.080516,           0.0044852,            0.021812,                   0,                   0,                   0,                   0,                   0,                   0,                   0,            0.050798,          0.00072038,          0.00072038
                   3,            0.078774,           0.0038071,            0.013382,                   0,                   0,                   0,                   0,                   0,                   0,                   0,            0.034353,           0.0009419,           0.0009419
                   4,            0.077521,           0.0033259,            0.010413,                   0,                   0,                   0,                   0,                   0,                   0,                   0,            0.017898,           0.0011539,           0.0011539
                   5,            0.076436,           0.0031112,           0.0091221,                   0,                   0,                   0,                   0,                   0,                   0,                   0,            0.001434,           0.0013564,           0.0013564
                   6,            0.071783,           0.0029569,           0.0075078,                   0,                   0,                   0,                   0,                   0,                   0,                   0,            0.001329,            0.001329,            0.001329
                   7,            0.070417,           0.0028755,           0.0066723,                   0,                   0,                   0,                   0,                   0,                   0,                   0,            0.001329,            0.001329,            0.001329
                   8,            0.068332,           0.0027721,           0.0052559,                   0,                   0,                   0,                   0,                   0,                   0,                   0,           0.0013005,           0.0013005,           0.0013005
                   9,             0.06604,           0.0027104,           0.0046129,                   0,                   0,                   0,                   0,                   0,                   0,                   0,            0.001272,            0.001272,            0.001272
                  10,            0.063826,           0.0026353,           0.0048208,                   0,                   0,                   0,                   0,                   0,                   0,                   0,           0.0012435,           0.0012435,           0.0012435
                  11,            0.063147,           0.0025985,           0.0045517,                   0,                   0,                   0,                   0,                   0,                   0,                   0,            0.001215,            0.001215,            0.001215
                  12,            0.061523,           0.0025063,           0.0035875,                   0,                   0,                   0,                   0,                   0,                   0,                   0,           0.0011865,           0.0011865,           0.0011865
                  13,            0.060976,           0.0025144,           0.0036394,                   0,                   0,                   0,                   0,                   0,                   0,                   0,            0.001158,            0.001158,            0.001158
                  14,            0.060498,           0.0024941,           0.0037744,                   0,                   0,                   0,                   0,                   0,                   0,                   0,           0.0011295,           0.0011295,           0.0011295
                  15,            0.059476,           0.0024681,           0.0038843,                   0,                   0,                   0,                   0,                   0,                   0,                   0,            0.001101,            0.001101,            0.001101
                  16,            0.057634,           0.0022983,           0.0032234,                   0,                   0,                   0,                   0,                   0,                   0,                   0,           0.0010725,           0.0010725,           0.0010725
                  17,            0.056729,           0.0023755,           0.0032197,                   0,                   0,                   0,                   0,                   0,                   0,                   0,            0.001044,            0.001044,            0.001044
                  18,            0.056618,           0.0023682,           0.0031387,                   0,                   0,                   0,                   0,                   0,                   0,                   0,           0.0010155,           0.0010155,           0.0010155
                  19,            0.056938,           0.0024295,           0.0031173,                   0,                   0,                   0,                   0,                   0,                   0,                   0,            0.000987,            0.000987,            0.000987
                  20,            0.054623,           0.0023265,           0.0029172,                   0,                   0,                   0,                   0,                   0,                   0,                   0,           0.0009585,           0.0009585,           0.0009585
                  21,             0.05591,            0.002331,           0.0035389,                   0,                   0,                   0,                   0,                   0,                   0,                   0,             0.00093,             0.00093,             0.00093
                  22,            0.054085,            0.002304,            0.002685,                   0,                   0,                   0,                   0,                   0,                   0,                   0,           0.0009015,           0.0009015,           0.0009015
                  23,            0.053399,           0.0022418,           0.0025203,                   0,                   0,                   0,                   0,                   0,                   0,                   0,            0.000873,            0.000873,            0.000873
                  24,            0.052459,           0.0022573,           0.0027921,                   0,                   0,                   0,                   0,                   0,                   0,                   0,           0.0008445,           0.0008445,           0.0008445
                  25,             0.05134,           0.0021814,           0.0024543,                   0,                   0,                   0,                   0,                   0,                   0,                   0,            0.000816,            0.000816,            0.000816
                  26,            0.051236,           0.0020946,           0.0025254,                   0,                   0,                   0,                   0,                   0,                   0,                   0,           0.0007875,           0.0007875,           0.0007875
                  27,             0.05012,            0.002161,           0.0023622,                   0,                   0,                   0,                   0,                   0,                   0,                   0,            0.000759,            0.000759,            0.000759
                  28,            0.049937,           0.0021373,           0.0026085,                   0,                   0,                   0,                   0,                   0,                   0,                   0,           0.0007305,           0.0007305,           0.0007305
                  29,            0.049111,           0.0020994,           0.0023852,                   0,                   0,                   0,                   0,                   0,                   0,                   0,            0.000702,            0.000702,            0.000702
                  30,            0.047641,           0.0020067,           0.0021575,                   0,                   0,                   0,                   0,                   0,                   0,                   0,           0.0006735,           0.0006735,           0.0006735
                  31,            0.048306,           0.0020587,           0.0019132,                   0,                   0,                   0,                   0,                   0,                   0,                   0,            0.000645,            0.000645,            0.000645
                  32,            0.047596,           0.0020504,           0.0019981,                   0,                   0,                   0,                   0,                   0,                   0,                   0,           0.0006165,           0.0006165,           0.0006165
                  33,            0.047592,           0.0019963,           0.0017528,                   0,                   0,                   0,                   0,                   0,                   0,                   0,            0.000588,            0.000588,            0.000588
                  34,            0.047837,           0.0020764,           0.0021219,                   0,                   0,                   0,                   0,                   0,                   0,                   0,           0.0005595,           0.0005595,           0.0005595
                  35,            0.047077,           0.0019802,             0.00191,                   0,                   0,                   0,                   0,                   0,                   0,                   0,            0.000531,            0.000531,            0.000531
                  36,            0.045437,           0.0019011,           0.0016223,                   0,                   0,                   0,                   0,                   0,                   0,                   0,           0.0005025,           0.0005025,           0.0005025
                  37,            0.044355,           0.0018794,           0.0016335,                   0,                   0,                   0,                   0,                   0,                   0,                   0,            0.000474,            0.000474,            0.000474
                  38,             0.04422,           0.0019055,           0.0016633,                   0,                   0,                   0,                   0,                   0,                   0,                   0,           0.0004455,           0.0004455,           0.0004455
                  39,            0.043503,           0.0018366,           0.0014151,                   0,                   0,                   0,                   0,                   0,                   0,                   0,            0.000417,            0.000417,            0.000417
                  40,            0.043118,           0.0018967,           0.0017413,                   0,                   0,                   0,                   0,                   0,                   0,                   0,           0.0003885,           0.0003885,           0.0003885
                  41,            0.041727,            0.001863,           0.0014493,                   0,                   0,                   0,                   0,                   0,                   0,                   0,             0.00036,             0.00036,             0.00036
                  42,            0.042432,           0.0018269,           0.0017684,                   0,                   0,                   0,                   0,                   0,                   0,                   0,           0.0003315,           0.0003315,           0.0003315
                  43,            0.041159,           0.0017374,           0.0013813,                   0,                   0,                   0,                   0,                   0,                   0,                   0,            0.000303,            0.000303,            0.000303
                  44,            0.040457,            0.001762,           0.0012889,                   0,                   0,                   0,                   0,                   0,                   0,                   0,           0.0002745,           0.0002745,           0.0002745
                  45,            0.039896,           0.0017427,           0.0010737,                   0,                   0,                   0,                   0,                   0,                   0,                   0,            0.000246,            0.000246,            0.000246
                  46,            0.039888,           0.0017176,           0.0011513,                   0,                   0,                   0,                   0,                   0,                   0,                   0,           0.0002175,           0.0002175,           0.0002175
                  47,            0.039977,           0.0017472,           0.0010909,                   0,                   0,                   0,                   0,                   0,                   0,                   0,            0.000189,            0.000189,            0.000189
                  48,            0.039281,           0.0016858,           0.0011887,                   0,                   0,                   0,                   0,                   0,                   0,                   0,           0.0001605,           0.0001605,           0.0001605
                  49,            0.037415,           0.0016533,           0.0010857,              0.5868,             0.21385,             0.41959,             0.32143,             0.17597,            0.009436,           0.0062084,            0.000132,            0.000132,            0.000132
                   0,             0.10834,           0.0060716,            0.031451,                   0,                   0,                   0,                   0,                   0,                   0,                   0,            0.083658,          0.00024886,          0.00024886
                   1,            0.068375,           0.0052374,            0.029793,                   0,                   0,                   0,                   0,                   0,                   0,                   0,            0.067232,          0.00048939,          0.00048939
                   2,            0.065654,           0.0035927,            0.020001,                   0,                   0,                   0,                   0,                   0,                   0,                   0,            0.050796,          0.00072041,          0.00072041
                   3,            0.062405,           0.0030648,           0.0090213,                   0,                   0,                   0,                   0,                   0,                   0,                   0,            0.034351,          0.00094193,          0.00094193
                   4,            0.060984,           0.0026055,           0.0058465,                   0,                   0,                   0,                   0,                   0,                   0,                   0,            0.017896,            0.001154,            0.001154
                   5,            0.061615,           0.0024281,           0.0052777,                   0,                   0,                   0,                   0,                   0,                   0,                   0,           0.0014322,           0.0013565,           0.0013565
                   6,             0.05914,           0.0022343,           0.0046625,                   0,                   0,                   0,                   0,                   0,                   0,                   0,            0.001329,            0.001329,            0.001329
                   7,            0.054526,           0.0021154,            0.003121,                   0,                   0,                   0,                   0,                   0,                   0,                   0,            0.001329,            0.001329,            0.001329
                   8,            0.052913,            0.001903,           0.0027233,                   0,                   0,                   0,                   0,                   0,                   0,                   0,           0.0013005,           0.0013005,           0.0013005
                   9,            0.052308,           0.0018103,           0.0025308,                   0,                   0,                   0,                   0,                   0,                   0,                   0,            0.001272,            0.001272,            0.001272
                  10,            0.050233,           0.0017156,           0.0017736,                   0,                   0,                   0,                   0,                   0,                   0,                   0,           0.0012435,           0.0012435,           0.0012435
                  11,            0.049261,           0.0017305,           0.0023325,                   0,                   0,                   0,                   0,                   0,                   0,                   0,            0.001215,            0.001215,            0.001215
                  12,            0.048883,           0.0016428,           0.0018676,                   0,                   0,                   0,                   0,                   0,                   0,                   0,           0.0011865,           0.0011865,           0.0011865
                  13,            0.047663,           0.0015974,           0.0013143,                   0,                   0,                   0,                   0,                   0,                   0,                   0,            0.001158,            0.001158,            0.001158
                  14,            0.046427,            0.001638,           0.0017537,                   0,                   0,                   0,                   0,                   0,                   0,                   0,           0.0011295,           0.0011295,           0.0011295
                  15,            0.045091,           0.0015909,           0.0016242,                   0,                   0,                   0,                   0,                   0,                   0,                   0,            0.001101,            0.001101,            0.001101
                  16,            0.044773,           0.0014813,           0.0010896,                   0,                   0,                   0,                   0,                   0,                   0,                   0,           0.0010725,           0.0010725,           0.0010725
                  17,            0.044572,           0.0015142,              0.0013,                   0,                   0,                   0,                   0,                   0,                   0,                   0,            0.001044,            0.001044,            0.001044
                  18,            0.042711,           0.0014828,           0.0012425,                   0,                   0,                   0,                   0,                   0,                   0,                   0,           0.0010155,           0.0010155,           0.0010155
                  19,            0.043662,           0.0015659,           0.0015176,                   0,                   0,                   0,                   0,                   0,                   0,                   0,            0.000987,            0.000987,            0.000987
                  20,            0.043629,           0.0015467,           0.0017152,                   0,                   0,                   0,                   0,                   0,                   0,                   0,           0.0009585,           0.0009585,           0.0009585
                  21,            0.042083,           0.0014969,           0.0014518,                   0,                   0,                   0,                   0,                   0,                   0,                   0,             0.00093,             0.00093,             0.00093
                  22,            0.040982,           0.0014024,          0.00098329,                   0,                   0,                   0,                   0,                   0,                   0,                   0,           0.0009015,           0.0009015,           0.0009015
                  23,            0.040469,           0.0013604,          0.00099901,                   0,                   0,                   0,                   0,                   0,                   0,                   0,            0.000873,            0.000873,            0.000873
                  24,            0.039942,           0.0013648,          0.00094427,                   0,                   0,                   0,                   0,                   0,                   0,                   0,           0.0008445,           0.0008445,           0.0008445
                  25,            0.039602,           0.0014515,           0.0015736,                   0,                   0,                   0,                   0,                   0,                   0,                   0,            0.000816,            0.000816,            0.000816
                  26,            0.039297,           0.0013587,          0.00071407,                   0,                   0,                   0,                   0,                   0,                   0,                   0,           0.0007875,           0.0007875,           0.0007875
                  27,            0.038659,           0.0013518,          0.00087929,                   0,                   0,                   0,                   0,                   0,                   0,                   0,            0.000759,            0.000759,            0.000759
                  28,            0.038488,           0.0013111,          0.00059412,                   0,                   0,                   0,                   0,                   0,                   0,                   0,           0.0007305,           0.0007305,           0.0007305
                  29,            0.037979,           0.0013049,          0.00079936,                   0,                   0,                   0,                   0,                   0,                   0,                   0,            0.000702,            0.000702,            0.000702
                  30,            0.037766,           0.0013037,           0.0010019,                   0,                   0,                   0,                   0,                   0,                   0,                   0,           0.0006735,           0.0006735,           0.0006735
                  31,            0.036519,           0.0012749,          0.00079782,                   0,                   0,                   0,                   0,                   0,                   0,                   0,            0.000645,            0.000645,            0.000645
                  32,            0.035695,           0.0012573,          0.00072189,                   0,                   0,                   0,                   0,                   0,                   0,                   0,           0.0006165,           0.0006165,           0.0006165
                  33,            0.035795,           0.0013134,          0.00073951,                   0,                   0,                   0,                   0,                   0,                   0,                   0,            0.000588,            0.000588,            0.000588
                  34,            0.035925,            0.001234,          0.00066389,                   0,                   0,                   0,                   0,                   0,                   0,                   0,           0.0005595,           0.0005595,           0.0005595
                  35,             0.03428,           0.0012138,          0.00049736,                   0,                   0,                   0,                   0,                   0,                   0,                   0,            0.000531,            0.000531,            0.000531
                  36,            0.033946,           0.0011975,          0.00055999,                   0,                   0,                   0,                   0,                   0,                   0,                   0,           0.0005025,           0.0005025,           0.0005025
                  37,            0.034551,           0.0012138,          0.00091336,                   0,                   0,                   0,                   0,                   0,                   0,                   0,            0.000474,            0.000474,            0.000474
                  38,             0.03351,           0.0012043,          0.00047159,                   0,                   0,                   0,                   0,                   0,                   0,                   0,           0.0004455,           0.0004455,           0.0004455
                  39,            0.033082,           0.0011616,            0.000419,                   0,                   0,                   0,                   0,                   0,                   0,                   0,            0.000417,            0.000417,            0.000417
                  40,            0.032586,           0.0011812,          0.00062778,                   0,                   0,                   0,                   0,                   0,                   0,                   0,           0.0003885,           0.0003885,           0.0003885
                  41,            0.032538,           0.0011625,          0.00042765,                   0,                   0,                   0,                   0,                   0,                   0,                   0,             0.00036,             0.00036,             0.00036
                  42,            0.031148,            0.001127,          0.00040318,                   0,                   0,                   0,                   0,                   0,                   0,                   0,           0.0003315,           0.0003315,           0.0003315
                  43,            0.030931,           0.0011229,          0.00037684,                   0,                   0,                   0,                   0,                   0,                   0,                   0,            0.000303,            0.000303,            0.000303
                  44,             0.03032,           0.0011089,          0.00042897,                   0,                   0,                   0,                   0,                   0,                   0,                   0,           0.0002745,           0.0002745,           0.0002745
                  45,            0.030401,           0.0011232,          0.00053762,                   0,                   0,                   0,                   0,                   0,                   0,                   0,            0.000246,            0.000246,            0.000246
                  46,            0.029714,           0.0011056,          0.00041445,                   0,                   0,                   0,                   0,                   0,                   0,                   0,           0.0002175,           0.0002175,           0.0002175
                  47,            0.028444,           0.0010554,           0.0002234,                   0,                   0,                   0,                   0,                   0,                   0,                   0,            0.000189,            0.000189,            0.000189
                  48,            0.028322,           0.0010155,          0.00022162,                   0,                   0,                   0,                   0,                   0,                   0,                   0,           0.0001605,           0.0001605,           0.0001605
                  49,            0.028463,           0.0010542,          0.00036381,             0.03487,                 0.6,             0.16676,            0.041189,             0.19141,           0.0098556,            0.013158,            0.000132,            0.000132,            0.000132
                   0,             0.10395,           0.0063422,            0.030928,                   0,                   0,                   0,                   0,                   0,                   0,                   0,            0.083662,          0.00024881,          0.00024881
                   1,            0.067467,           0.0054473,            0.021002,                   0,                   0,                   0,                   0,                   0,                   0,                   0,            0.067235,          0.00048933,          0.00048933
                   2,            0.063553,            0.003599,           0.0077629,                   0,                   0,                   0,                   0,                   0,                   0,                   0,              0.0508,          0.00072035,          0.00072035
                   3,            0.062045,           0.0026886,           0.0054252,                   0,                   0,                   0,                   0,                   0,                   0,                   0,            0.034355,          0.00094188,          0.00094188
                   4,            0.058984,           0.0023425,           0.0032681,                   0,                   0,                   0,                   0,                   0,                   0,                   0,              0.0179,           0.0011539,           0.0011539
                   5,            0.058577,           0.0022318,           0.0034326,                   0,                   0,                   0,                   0,                   0,                   0,                   0,           0.0014358,           0.0013564,           0.0013564
                   6,            0.057475,            0.002092,           0.0022916,                   0,                   0,                   0,                   0,                   0,                   0,                   0,            0.001329,            0.001329,            0.001329
                   7,            0.054435,           0.0020316,            0.002579,                   0,                   0,                   0,                   0,                   0,                   0,                   0,            0.001329,            0.001329,            0.001329
                   8,            0.051291,            0.001829,            0.001455,                   0,                   0,                   0,                   0,                   0,                   0,                   0,           0.0013005,           0.0013005,           0.0013005
                   9,            0.050727,           0.0017608,           0.0017455,                   0,                   0,                   0,                   0,                   0,                   0,                   0,            0.001272,            0.001272,            0.001272
                  10,            0.048947,           0.0017177,           0.0015162,                   0,                   0,                   0,                   0,                   0,                   0,                   0,           0.0012435,           0.0012435,           0.0012435
                  11,            0.048748,           0.0017364,           0.0017549,                   0,                   0,                   0,                   0,                   0,                   0,                   0,            0.001215,            0.001215,            0.001215
                  12,            0.046357,           0.0016489,           0.0017901,                   0,                   0,                   0,                   0,                   0,                   0,                   0,           0.0011865,           0.0011865,           0.0011865
                  13,            0.045707,           0.0015887,           0.0010352,                   0,                   0,                   0,                   0,                   0,                   0,                   0,            0.001158,            0.001158,            0.001158
                  14,            0.044054,           0.0015376,          0.00088616,                   0,                   0,                   0,                   0,                   0,                   0,                   0,           0.0011295,           0.0011295,           0.0011295
                  15,            0.044484,           0.0015942,           0.0011696,                   0,                   0,                   0,                   0,                   0,                   0,                   0,            0.001101,            0.001101,            0.001101
                  16,            0.043215,           0.0015319,           0.0009651,                   0,                   0,                   0,                   0,                   0,                   0,                   0,           0.0010725,           0.0010725,           0.0010725
                  17,            0.042512,            0.001506,           0.0012504,                   0,                   0,                   0,                   0,                   0,                   0,                   0,            0.001044,            0.001044,            0.001044
                  18,            0.042406,            0.001489,           0.0010588,                   0,                   0,                   0,                   0,                   0,                   0,                   0,           0.0010155,           0.0010155,           0.0010155
                  19,            0.041693,           0.0014286,          0.00060623,                   0,                   0,                   0,                   0,                   0,                   0,                   0,            0.000987,            0.000987,            0.000987
                  20,            0.041021,           0.0014112,          0.00084836,                   0,                   0,                   0,                   0,                   0,                   0,                   0,           0.0009585,           0.0009585,           0.0009585
                  21,            0.040489,           0.0014807,          0.00063306,                   0,                   0,                   0,                   0,                   0,                   0,                   0,             0.00093,             0.00093,             0.00093
                  22,            0.040294,           0.0014669,           0.0013234,                   0,                   0,                   0,                   0,                   0,                   0,                   0,           0.0009015,           0.0009015,           0.0009015
                  23,             0.03954,            0.001421,          0.00085855,                   0,                   0,                   0,                   0,                   0,                   0,                   0,            0.000873,            0.000873,            0.000873
                  24,            0.038875,            0.001366,          0.00050151,                   0,                   0,                   0,                   0,                   0,                   0,                   0,           0.0008445,           0.0008445,           0.0008445
                  25,            0.037399,            0.001398,          0.00091516,                   0,                   0,                   0,                   0,                   0,                   0,                   0,            0.000816,            0.000816,            0.000816
                  26,            0.037951,           0.0013578,          0.00058263,                   0,                   0,                   0,                   0,                   0,                   0,                   0,           0.0007875,           0.0007875,           0.0007875
                  27,            0.037412,           0.0013371,           0.0007912,                   0,                   0,                   0,                   0,                   0,                   0,                   0,            0.000759,            0.000759,            0.000759
                  28,            0.036963,           0.0013124,          0.00048224,                   0,                   0,                   0,                   0,                   0,                   0,                   0,           0.0007305,           0.0007305,           0.0007305
                  29,            0.037525,           0.0012677,          0.00049416,                   0,                   0,                   0,                   0,                   0,                   0,                   0,            0.000702,            0.000702,            0.000702
                  30,            0.036432,           0.0012777,           0.0005631,                   0,                   0,                   0,                   0,                   0,                   0,                   0,           0.0006735,           0.0006735,           0.0006735
                  31,            0.036116,           0.0013024,          0.00040999,                   0,                   0,                   0,                   0,                   0,                   0,                   0,            0.000645,            0.000645,            0.000645
                  32,            0.035745,           0.0013005,          0.00039511,                   0,                   0,                   0,                   0,                   0,                   0,                   0,           0.0006165,           0.0006165,           0.0006165
